baruch2028bios,-1,-1,-1,2,9,2,-10
brooklyn2028class,-1,-1,-1,2,21,2,-22
coloradomesa2028class,-1,-1,-1,1,42,2,-43
colum2028chicago,-1,-1,-1,3,12,2,-13
csub2028class,-1,-1,-1,1,15,19,-16
csuci2028class,-1,-1,-1,2,34,2,-35
csudh2028class,-1,-1,-1,2,18,20,-19
csusb2028class,-1,-1,-1,2,19,2,-20
csustan2028class,-1,-1,-1,2,15,2,-16
erau2028class,-1,-1,-1,1,92,69,-93
fdu2028class,-1,-1,-1,1,46,39,-47
fit2028class,-1,-1,-1,-1,-1,-1,0
fitnyc2028class,-1,-1,-1,2,11,60,-12
hunter2028class,-1,-1,-1,3,9,2,-10
iupui2028class,-1,-1,-1,1,26,168,-27
jhu2028bios,-1,-1,-1,1,13,30,-14
keiser2028class,-1,-1,-1,1,43,23,-44
lmu2028meet,-1,-1,-1,1,46,132,-47
mcgill2028meet,-1,-1,-1,-1,-1,-1,0
queensu2028class,3,9,2,3,9,2,0
ucirvine2028class,-1,-1,-1,1,41,140,-42
uci2028.official,-1,-1,-1,154,489,774,-490
une2028class,-1,-1,-1,1,104,150,-105
uscb2028class,-1,-1,-1,1,21,75,-22
wilmu2028class,-1,-1,-1,1,7,2,-8
carleton2028class,-1,-1,-1,2,25,65,-26
sju2028meet,-1,-1,-1,1,12,2,-13
stockton2028class,-1,-1,-1,-1,-1,-1,0
gt2028class,-1,-1,-1,3749,5635,188,-5636
ucf2028meet,-1,-1,-1,5049,6095,90,-6096
cincy2028class,-1,-1,-1,5229,6498,34,-6499
oregonstate2028bios,-1,-1,-1,2970,3100,97,-3101
ecu2028class,-1,-1,-1,2021,3010,386,-3011
psu2028class,-1,-1,-1,6823,7680,545,-7681
utk2028meet,4345,5364,225,4345,5364,225,0
utk2028meet,4345,5364,225,4345,5364,225,0
boulder2028class,-1,-1,-1,6950,7329,21,-7330
gsu2028class,-1,-1,-1,1971,2939,63,-2940
meetyourclass,-1,-1,-1,8127,23110,372,-23111
gvsu2028meet,-1,-1,-1,2769,3162,184,-3163
uncw2028class,-1,-1,-1,121,301,263,-302
libertyclassof2028,-1,-1,-1,2140,2930,495,-2931
smu2028class,-1,-1,-1,31,322,259,-323
nyu2028meet,-1,-1,-1,902,2131,260,-2132
unlv2028,-1,-1,-1,788,1367,8,-1368
unc2028meet,-1,-1,-1,1794,2403,614,-2404
bu2028class,-1,-1,-1,3773,5323,142,-5324
syracuse2028class,-1,-1,-1,3839,4342,355,-4343
uiuc2028intros,-1,-1,-1,5384,7216,144,-7217
vt2028hokies,-1,-1,-1,5647,6905,110,-6906
umn2028class,-1,-1,-1,1664,2014,330,-2015
bama2028meet,-1,-1,-1,3139,4124,656,-4125
ucla2028bruins,-1,-1,-1,577,1120,240,-1121
ucla2028.official,-1,-1,-1,542,1802,2881,-1803
iu2028bloomington,-1,-1,-1,687,1420,463,-1421
iu2027class,-1,-1,-1,3413,3154,31,-3155
wisco2028class,-1,-1,-1,2470,4510,199,-4511
wisco2028official,3202,6382,1736,3202,6382,1736,0
clemson2028class,-1,-1,-1,5749,5622,193,-5623
utaustin2028class,-1,-1,-1,483,1844,599,-1845
asu2028meet,-1,-1,-1,4605,5791,291,-5792
usf2027class,4417,4333,17,4417,4333,17,0
usf2027class,4417,4333,17,4417,4333,17,0
usf2028meet,-1,-1,-1,2213,3893,29,-3894
pitt2028meet,-1,-1,-1,5316,4554,28,-4555
osu2028meet,-1,-1,-1,-1,-1,-1,0
msu2028spartans,-1,-1,-1,1183,1645,399,-1646
udelaware2028class,-1,-1,-1,4159,4723,427,-4724
fsu2028meet,-1,-1,-1,1076,1607,674,-1608
ucsb2028meet,-1,-1,-1,163,131,282,-132
ucsb2028.official,-1,-1,-1,1103,1889,990,-1890
neu2028meet,-1,-1,-1,2418,3329,478,-3330
ucsd2028class,-1,-1,-1,1032,878,259,-879
ucsd2028official,1793,3726,707,1793,3726,707,0
uvu2028class,-1,-1,-1,243,495,22,-496
umich2028myc,-1,-1,-1,7348,7467,68,-7468
utdallas2028class,-1,-1,-1,-1,-1,-1,0
purdue2028meet,-1,-1,-1,4742,6901,554,-6902
uncc2028class,-1,-1,-1,47,268,271,-269
temple2028class,-1,-1,-1,3805,4036,20,-4037
twu2028,-1,-1,-1,249,550,48,-551
uva2028meet,-1,-1,-1,2074,3042,345,-3043
tulane2028class,-1,-1,-1,60,532,503,-533
isu2028class,-1,-1,-1,3742,4211,185,-4212
umasslowell2028class,-1,-1,-1,-1,-1,-1,0
uf2028students,-1,-1,-1,1524,2904,1209,-2905
floridabios,-1,-1,-1,1093,629,19,-630
bostoncollege2028class,-1,-1,-1,61,834,386,-835
wvu2028class,-1,-1,-1,2010,3150,258,-3151
emory2028class,-1,-1,-1,370,1691,148,-1692
utampa2028class,-1,-1,-1,701,1102,148,-1103
umd2028meet,-1,-1,-1,2244,3869,85,-3870
kansas2028class,-1,-1,-1,291,861,311,-862
southcarolina2028class,-1,-1,-1,5223,5850,11,-5851
uga2028meet,-1,-1,-1,1595,1920,786,-1921
clestate2028,-1,-1,-1,435,832,3,-833
uiowa2028hawkeyes,-1,-1,-1,596,849,847,-850
georgiasouthern2028bios,-1,-1,-1,326,511,403,-512
ttu2028class,-1,-1,-1,918,1909,955,-1910
luc2028class,-1,-1,-1,661,798,495,-799
usc2028trojans,-1,-1,-1,2356,3241,282,-3242
ballstateu2028,-1,-1,-1,2164,2925,167,-2926
bgsu2028class,-1,-1,-1,2819,3716,142,-3717
gwu2028class,-1,-1,-1,2691,2921,196,-2922
wmu2028class,-1,-1,-1,2189,2459,130,-2460
villanova2028class,-1,-1,-1,504,1290,220,-1291
cornell2028class,-1,-1,-1,682,1993,344,-1994
ksu2028owls,-1,-1,-1,102,384,179,-385
northwestern2028class,-1,-1,-1,1017,2657,343,-2658
txst2028class,-1,-1,-1,2387,2999,46,-3000
vcu2028class,-1,-1,-1,568,1196,232,-1197
csu2028class,-1,-1,-1,3216,4023,273,-4024
dayton2028class,-1,-1,-1,1785,2086,15,-2087
unt2028class,-1,-1,-1,1963,2876,677,-2877
uncg2028,-1,-1,-1,1847,2274,225,-2275
unf2028,-1,-1,-1,1298,1762,41,-1763
marquette2028class,-1,-1,-1,1829,2277,116,-2278
centralmichigan2028class,-1,-1,-1,1171,1895,191,-1896
jmu2028meet,-1,-1,-1,2201,2258,304,-2259
upenn2028class,-1,-1,-1,471,2454,310,-2455
american2028bios,-1,-1,-1,1969,2006,115,-2007
ulmonroe2028,-1,-1,-1,340,957,232,-958
unm2028,-1,-1,-1,452,1026,31,-1027
uco2028class,-1,-1,-1,6,117,44,-118
missstate2028,-1,-1,-1,205,676,640,-677
utrgv2027,-1,-1,-1,-1,-1,-1,0
uwg2028,-1,-1,-1,442,997,19,-998
tns2028,-1,-1,-1,694,857,49,-858
wichitastate2028,-1,-1,-1,100,348,38,-349
utoledo2028bios,-1,-1,-1,713,1307,84,-1308
uni2028class,-1,-1,-1,103,369,35,-370
angelostate2028class,-1,-1,-1,164,467,43,-468
sdstate2028,-1,-1,-1,213,568,428,-569
utep2027,-1,-1,-1,-1,-1,-1,0
southernutah2028,-1,-1,-1,172,424,55,-425
southernmiss2028class,-1,-1,-1,470,1025,101,-1026
sfsu2028class,-1,-1,-1,1469,1550,76,-1551
wwu2028bios,-1,-1,-1,2150,1917,69,-1918
unr2028class,-1,-1,-1,981,3786,120,-3787
emu2028class,-1,-1,-1,799,1083,63,-1084
cwu2028,-1,-1,-1,483,717,17,-718
ndsu2028class,-1,-1,-1,732,1374,212,-1375
fiu2028class,-1,-1,-1,1749,4180,519,-4181
uwf2028,-1,-1,-1,252,697,44,-698
umassboston2028,-1,-1,-1,1314,1610,176,-1611
uoft2027bios,-1,-1,-1,80,359,1287,-360
southeastern2028,-1,-1,-1,319,1059,88,-1060
austinpeay2028,-1,-1,-1,263,799,153,-800
umaine2028,-1,-1,-1,-1,-1,-1,0
umiami2028meet,-1,-1,-1,110,374,428,-375
baylor2028class,-1,-1,-1,60,291,413,-292
uww2028,-1,-1,-1,30,117,96,-118
washu2028class,-1,-1,-1,230,615,32,-616
uwrf2028,-1,-1,-1,265,524,8,-525
sbu2028class,-1,-1,-1,797,1460,56,-1461
fau2028bios,-1,-1,-1,122,283,316,-284
nau2028bios,-1,-1,-1,6,52,137,-53
ccu2028class,-1,-1,-1,388,706,104,-707
radford2028class,-1,-1,-1,20,132,124,-133
barry2028class,-1,-1,-1,167,297,88,-298
uab2028bios,-1,-1,-1,560,997,118,-998
duke2028meet,-1,-1,-1,17,282,367,-283
vanderbilt2028class,-1,-1,-1,465,1566,289,-1567
uic2028class,-1,-1,-1,135,424,89,-425
gcu2028class,-1,-1,-1,238,542,220,-543
etsu2028,-1,-1,-1,404,876,101,-877
newhaven2028,-1,-1,-1,565,1019,82,-1020
und2028class,-1,-1,-1,20,122,69,-123
wpi2028class,-1,-1,-1,11,132,144,-133
rit2028tigers,-1,-1,-1,810,1666,42,-1667
fgcu2028bios,-1,-1,-1,210,350,133,-351
uhmanoa2028class,-1,-1,-1,443,864,51,-865
nsu2028class,-1,-1,-1,1053,1532,200,-1533
nmu2028,-1,-1,-1,557,908,179,-909
astate2028class,-1,-1,-1,16,108,162,-109
ncstate2028,-1,-1,-1,218,464,115,-465
sju2028class,-1,-1,-1,473,851,158,-852
daytonastate2028,-1,-1,-1,36,109,14,-110
shsu2028class,-1,-1,-1,348,865,264,-866
lsu2028meet,-1,-1,-1,100,186,243,-187
unomaha2028,-1,-1,-1,207,507,64,-508
idahostateu2028,-1,-1,-1,27,119,51,-120
troy2028class,-1,-1,-1,8,122,196,-123
mnsu2028,-1,-1,-1,861,1398,50,-1399
snhu2028,108,334,19,108,334,19,0
uwsp2028,-1,-1,-1,40,181,120,-182
usu2028class,-1,-1,-1,362,913,151,-914
wcu2028class,-1,-1,-1,92,245,78,-246
cwru2028class,-1,-1,-1,850,1661,51,-1662
rice2028class,-1,-1,-1,7,112,166,-113
ualbany2028class,-1,-1,-1,532,1137,140,-1138
uvm2028class,-1,-1,-1,1275,2007,85,-2008
wyoming2028,-1,-1,-1,151,383,14,-384
semo2028class,-1,-1,-1,161,500,233,-501
mercer2028bears,-1,-1,-1,8,72,94,-73
uark2028class,-1,-1,-1,29,97,253,-98
uwplatt2028,-1,-1,-1,211,578,82,-579
broward2028,-1,-1,-1,2,14,2,-15
wcu_2028,-1,-1,-1,114,371,72,-372
atu2028class,-1,-1,-1,107,391,141,-392
butler2028class,-1,-1,-1,156,595,282,-596
urochester2028class,-1,-1,-1,4,45,15,-46
uofl2028,-1,-1,-1,962,1788,36,-1789
uri2028co,-1,-1,-1,130,286,185,-287
uwgb2028,-1,-1,-1,285,521,78,-522
niu2028huskies,-1,-1,-1,416,909,172,-910
uca2028class,-1,-1,-1,548,1289,16,-1290
tamuk2028,-1,-1,-1,96,284,7,-285
suffolk2028class,-1,-1,-1,3,61,43,-62
xavier2028class,-1,-1,-1,12,109,189,-110
uwoshkosh2028,-1,-1,-1,378,782,142,-783
eku2028class,-1,-1,-1,504,1239,17,-1240
montclairstate2028,-1,-1,-1,362,703,46,-704
pace.2028,-1,-1,-1,92,152,36,-153
marshallu2028class,-1,-1,-1,30,124,102,-125
ung2028class,-1,-1,-1,100,317,159,-318
wrightstate2028,-1,-1,-1,338,729,25,-730
murraystate2028class,-1,-1,-1,345,717,115,-718
odu2028bios,-1,-1,-1,3,49,85,-50
nku2028,-1,-1,-1,233,581,6,-582
buffalostate2028,-1,-1,-1,212,426,54,-427
byuidaho2028,-1,-1,-1,8,54,35,-55
ysu2028,-1,-1,-1,76,251,2,-252
tamucc2028bios,-1,-1,-1,450,843,64,-844
wfu2028,-1,-1,-1,7,181,250,-182
wku2028class,-1,-1,-1,793,1448,146,-1449
mizzou2028unofficial,-1,-1,-1,728,1397,396,-1398
wtamu2028class,-1,-1,-1,178,476,20,-477
slipperyrock2028class,-1,-1,-1,225,568,162,-569
cofc2028class,-1,-1,-1,1691,1934,193,-1935
cnu2028class,-1,-1,-1,493,996,36,-997
svsu2028,-1,-1,-1,465,879,149,-880
tcu2028bios,-1,-1,-1,12,92,440,-93
unl2028,-1,-1,-1,460,1122,92,-1123
drake2028class,-1,-1,-1,193,365,17,-366
rutgers2028class,-1,-1,-1,117,198,2,-199
umo.2028,-1,-1,-1,38,117,45,-118
uofa2028meet,-1,-1,-1,235,490,133,-491
shastacollege2028,-1,-1,-1,3,10,3,-11
uconn2028huskies,-1,-1,-1,157,399,393,-400
uofmemphis2028,-1,-1,-1,180,474,141,-475
unco2028unofficial,-1,-1,-1,243,440,64,-441
du2028bios,-1,-1,-1,202,436,21,-437
usa2028class,-1,-1,-1,359,875,106,-876
mtsu2028class,-1,-1,-1,38,206,122,-207
ucm2028,-1,-1,-1,11,168,236,-169
mostate2028class,-1,-1,-1,78,294,33,-295
tntech2028,-1,-1,-1,7,59,28,-60
towsonu2028,-1,-1,-1,269,522,84,-523
kstate2028class,-1,-1,-1,16,178,273,-179
pnw2028,-1,-1,-1,9,58,19,-59
uwm2028class,-1,-1,-1,15,84,56,-85
umkc2028bios,-1,-1,-1,14,45,48,-46
umt2028,-1,-1,-1,186,360,1,-361
portlandstate2028,-1,-1,-1,-1,-1,-1,0
hofstra2028class,-1,-1,-1,653,1179,6,-1180
tamu2028co,-1,-1,-1,31,592,67,-593
regent2028class,-1,-1,-1,7,18,12,-19
mines2028class,-1,-1,-1,439,1366,241,-1367
scu2028class,-1,-1,-1,618,1380,74,-1381
ohiouniversity2028,-1,-1,-1,-1,-1,-1,0
ashland2028,-1,-1,-1,95,258,12,-259
brown2028bios,-1,-1,-1,6,61,66,-62
sacredheart2028bios,-1,-1,-1,176,395,74,-396
stthomas2028,-1,-1,-1,37,105,210,-106
washburn2028class,-1,-1,-1,2,48,61,-49
usi2028class,-1,-1,-1,283,734,90,-735
wm2028class,-1,-1,-1,339,717,174,-718
belmont2028class,-1,-1,-1,334,689,344,-690
iup2028class,-1,-1,-1,387,822,86,-823
lynn2028class,-1,-1,-1,349,618,150,-619
usd2028class,-1,-1,-1,16,97,50,-98
cjawnsbios,-1,-1,-1,143,504,3,-505
uw2028huskies,-1,-1,-1,22,35,80,-36
oregon2028class,-1,-1,-1,82,242,157,-243
inverhills2028,-1,-1,-1,3,5,2,-6
oaklandu2028,-1,-1,-1,11,55,14,-56
miamiu2028bios,-1,-1,-1,552,1088,256,-1089
tufts.2028,-1,-1,-1,3,108,212,-109
liu2028class,-1,-1,-1,17,90,63,-91
tcnj2028class,-1,-1,-1,784,1456,149,-1457
calvin2028class,-1,-1,-1,9,28,15,-29
depaul2028class,-1,-1,-1,968,1455,53,-1456
fresnostate28,-1,-1,-1,-1,-1,-1,0
mtu2028class,-1,-1,-1,90,376,340,-377
loyolamaryland2028,-1,-1,-1,4,33,85,-34
fairfield2028class,-1,-1,-1,5,138,213,-139
utarlington2028class,-1,-1,-1,313,622,29,-623
uccs2028class,-1,-1,-1,19,128,193,-129
westernclassof2028,-1,-1,-1,517,4795,8,-4796
uah2028,-1,-1,-1,54,347,6,-348
sdsu2028class,-1,-1,-1,23,49,194,-50
slu2028class,-1,-1,-1,65,229,148,-230
urichmond2028class,-1,-1,-1,6,83,150,-84
lcc2028,-1,-1,-1,4,20,2,-21
cua2028bios,-1,-1,-1,119,310,53,-311
sacstate2028class,-1,-1,-1,906,1580,143,-1581
samford2028class,-1,-1,-1,4,17,5,-18
uwec2028bios,-1,-1,-1,22,72,41,-73
duq2028,-1,-1,-1,13,136,235,-137
jwu2028bios,-1,-1,-1,284,459,156,-460
appstate2028meet,-1,-1,-1,1501,2215,83,-2216
tarleton2028class,-1,-1,-1,-1,-1,-1,0
fordham2028meet,-1,-1,-1,161,149,200,-150
thechristcollege2028,-1,-1,-1,31,82,10,-83
csumb2028class,-1,-1,-1,27,119,100,-120
campbell2028class,-1,-1,-1,29,121,97,-122
csun2028class,-1,-1,-1,108,276,75,-277
bridgewater2028class,-1,-1,-1,512,981,78,-982
wayne2028class,-1,-1,-1,65,184,17,-185
saddleback2028class,-1,-1,-1,2,18,16,-19
rowan2028class,-1,-1,-1,23,79,72,-80
sjsu2028meet,-1,-1,-1,4,13,2,-14
kentucky2028meet,-1,-1,-1,2081,1735,403,-1736
ou2028sooners,-1,-1,-1,26,102,223,-103
uh2028bios,-1,-1,-1,415,691,175,-692
utc2028class,-1,-1,-1,3,9,2,-10
okstate2028meet,-1,-1,-1,125,128,190,-129
queensu2028class,3,9,2,3,9,2,0
ucsc2028class,-1,-1,-1,18,76,150,-77
notredame2028intros,-1,-1,-1,3,86,147,-87
siu2028class,-1,-1,-1,14,98,182,-99
ucberkeley2028meet,-1,-1,-1,13,63,194,-64
ucdavis2028intros,-1,-1,-1,24,520,39,-521
montanastate2028intros,-1,-1,-1,257,1389,66,-1390
csulb2028class,-1,-1,-1,9,17,2,-18
ewu2028bios,-1,-1,-1,94,219,2,-220
ubuffalo2028class,-1,-1,-1,1317,2821,79,-2822
binghamton2028bios,-1,-1,-1,312,967,109,-968
ucmerced2028class,-1,-1,-1,8,28,2,-29
olemiss2028meet,-1,-1,-1,-1,-1,-1,0
utah2028meet,-1,-1,-1,500,1123,81,-1124
fscj2028class,-1,-1,-1,3,12,2,-13
csuf2028class,-1,-1,-1,8,39,202,-40
nmsu2028class,-1,-1,-1,3,7,2,-8
wilmington2028class,-1,-1,-1,5,13,2,-14
umass2028class,-1,-1,-1,23,114,225,-115
smc2028class,-1,-1,-1,4,23,42,-24
tsu2028class,-1,-1,-1,9,23,78,-24
ucr2028class,-1,-1,-1,7,24,72,-25
heidelberg2028class,-1,-1,-1,4,14,2,-15
valencia2028class,-1,-1,-1,25,71,2,-72
kent2028class,-1,-1,-1,100,134,168,-135
iastate2028class,-1,-1,-1,35,69,114,-70
nccu2028meet,-1,-1,-1,-1,-1,-1,0
cscc2028class,-1,-1,-1,5,14,2,-15
dickinson2028clas,-1,-1,-1,-1,-1,-1,0
drexel2028intros,-1,-1,-1,17,28,57,-29
auburn2028meet,-1,-1,-1,489,951,243,-952
torontomet2028class,-1,-1,-1,3,14,31,-15
lasalle2028class,-1,-1,-1,4,8,2,-9
jjc2028class,-1,-1,-1,3,5,2,-6
csusm2028class,-1,-1,-1,1,14,2,-15
ccu2028official,-1,-1,-1,3,233,0,-234
bama2028_,-1,-1,-1,0,15,0,-16
kentucky2028bios,-1,-1,-1,-1,-1,-1,0
villanovaclass.2028,-1,-1,-1,-1,-1,-1,0
purdue.28,-1,-1,-1,0,39,1,-40
uscclass2028,1,1774,1584,1,1774,1584,0
umdbios2028,17,1117,219,17,1117,219,0
baylorbound2028,-1,-1,-1,427,1171,1284,-1172
temple2028official,-1,-1,-1,5,708,106,-709
officialusc.2028,-1,-1,-1,0,0,0,-1
lsu._classof2028,-1,-1,-1,1,69,132,-70
psuco28official,-1,-1,-1,4,991,172,-992
lehighclasso2028,-1,-1,-1,-1,-1,-1,0
suffolk2028,-1,-1,-1,1,18,16,-19
unhclass.2028,-1,-1,-1,-1,-1,-1,0
classof28alabama,-1,-1,-1,5,166,361,-167
auburn.2028,-1,-1,-1,-1,-1,-1,0
umn2028,-1,-1,-1,25,547,583,-548
seattle.classof2028,-1,-1,-1,0,78,19,-79
fsu.2028,-1,-1,-1,1,67,66,-68
tcuco28,-1,-1,-1,-1,-1,-1,0
wvu_2028,-1,-1,-1,52,4196,74,-4197
marylandstudents2028,-1,-1,-1,3,1041,8,-1042
uscclass2028,1,1774,1584,1,1774,1584,0
csuclassof2028,-1,-1,-1,0,1,2,-2
xavieruniversityclassof28,-1,-1,-1,-1,-1,-1,0
uvm.classof2028,-1,-1,-1,-1,-1,-1,0
butleruniversity2028,-1,-1,-1,-1,-1,-1,0
nyu2028_,-1,-1,-1,-1,-1,-1,0
gvsu2028bios,-1,-1,-1,0,3,0,-4
wcupa.2028,-1,-1,-1,0,1,0,-2
uoflouisville.2028,-1,-1,-1,0,16,0,-17
ohiostateclassof_2028,-1,-1,-1,-1,-1,-1,0
rutgersclassof28,-1,-1,-1,-1,-1,-1,0
universityoutah2028,-1,-1,-1,-1,-1,-1,0
wakeforest2028,-1,-1,-1,0,293,179,-294
washuco2028,-1,-1,-1,-1,-1,-1,0
georgiaclassof2028,-1,-1,-1,-1,-1,-1,0
uconn2028.bios,-1,-1,-1,-1,-1,-1,0
utaustinclassof2028__,-1,-1,-1,0,0,0,-1
utk.2028,-1,-1,-1,-1,-1,-1,0
bsu.2028,-1,-1,-1,1,155,427,-156
fordhamclassof28,-1,-1,-1,1,13,33,-14
nyu2028class,-1,-1,-1,0,0,0,-1
lsu_class_of_2028,-1,-1,-1,2,50,243,-51
purdue2028.class,-1,-1,-1,-1,-1,-1,0
gcu.2028,-1,-1,-1,105,1287,590,-1288
gt.classof.2028,-1,-1,-1,0,4,0,-5
wvuclassof2028,-1,-1,-1,-1,-1,-1,0
nyuclassof2028,-1,-1,-1,0,0,0,-1
chapmanuniversity2027,-1,-1,-1,0,99,229,-100
tampa.2028,-1,-1,-1,-1,-1,-1,0
westerncarolina2028,-1,-1,-1,5,159,92,-160
csu2028.bios,-1,-1,-1,0,1,0,-2
umiami_2028bios,-1,-1,-1,0,4,4,-5
syracuseclass2028_,-1,-1,-1,-1,-1,-1,0
ucsbofficalco28,-1,-1,-1,-1,-1,-1,0
csu2028officiall,-1,-1,-1,9,855,88,-856
umdco2028,-1,-1,-1,2,57,37,-58
ubuffalo.2028,-1,-1,-1,-1,-1,-1,0
asuco2028,-1,-1,-1,-1,-1,-1,0
eku.2028,-1,-1,-1,2,315,9,-316
tampa2028class,-1,-1,-1,286,658,984,-659
uarkco2028,-1,-1,-1,0,5,2,-6
uofi_28,-1,-1,-1,0,2,1,-3
babyrebs.2028,-1,-1,-1,-1,-1,-1,0
osu.2028class,-1,-1,-1,3,171,470,-172
uga.2028bios,26,1271,3195,26,1271,3195,0
universityofdelaware.2028,-1,-1,-1,20,525,224,-526
wwu2028,-1,-1,-1,0,42,1,-43
uakron_2028,-1,-1,-1,171,475,213,-476
uofmizzou2028,-1,-1,-1,1,6,0,-7
duke2028bluedevils,-1,-1,-1,233,2636,508,-2637
uga2028dawgs,-1,-1,-1,-1,-1,-1,0
vcu2028bios,-1,-1,-1,-1,-1,-1,0
umnclassof2028,-1,-1,-1,0,6,0,-7
uga__2028,-1,-1,-1,-1,-1,-1,0
uiuc2028official,-1,-1,-1,389,6807,2807,-6808
vtco28,-1,-1,-1,-1,-1,-1,0
miamiu_classof2028,-1,-1,-1,0,0,0,-1
uwhuskies2028,-1,-1,-1,0,2,0,-3
cincinnati.2028,-1,-1,-1,-1,-1,-1,0
texas_longhorns28,-1,-1,-1,0,53,73,-54
westchesteru2028,22,232,283,22,232,283,0
texastechclass.2028,-1,-1,-1,-1,-1,-1,0
unh.2028,-1,-1,-1,0,307,0,-308
uva2028_,-1,-1,-1,0,42,242,-43
utaustin2028official,-1,-1,-1,9,1104,517,-1105
mississippistate2028,-1,-1,-1,3,166,180,-167
umn2028official,-1,-1,-1,0,91,0,-92
uwmadison_28,3,158,167,3,158,167,0
asu.classof.2028,-1,-1,-1,-1,-1,-1,0
bu_2028_bios,-1,-1,-1,2,427,45,-428
2028_wcu_freshmen,-1,-1,-1,36,403,184,-404
lehighclassof2028_,-1,-1,-1,-1,-1,-1,0
unc2028_,-1,-1,-1,1809,4509,580,-4510
txst2028bios,-1,-1,-1,-1,-1,-1,0
byu2028bios,-1,-1,-1,186,1607,1770,-1608
alabamacommits2028,-1,-1,-1,-1,-1,-1,0
ucsb_2028_,-1,-1,-1,-1,-1,-1,0
stjohnsclassof2028,-1,-1,-1,0,22,261,-23
purdue.class.of.2028,-1,-1,-1,1,1,0,-2
cuse2028,-1,-1,-1,20,216,115,-217
bamabound2028bios,-1,-1,-1,-1,-1,-1,0
kennesawclassof2028,-1,-1,-1,925,1355,335,-1356
uabclassof2028,-1,-1,-1,6,273,1,-274
vcu2028,-1,-1,-1,1068,3150,211,-3151
uark.2028,-1,-1,-1,0,50,7,-51
radfordu2028,-1,-1,-1,627,1253,79,-1254
utahstateclassof28bios,-1,-1,-1,1,30,14,-31
uarkansas2028,-1,-1,-1,3,248,859,-249
gvsu2028class,-1,-1,-1,111,681,378,-682
villanovaadmits2028,-1,-1,-1,-1,-1,-1,0
duke2028official,-1,-1,-1,-1,-1,-1,0
umiami2028freshmen,-1,-1,-1,-1,-1,-1,0
umd2028official,-1,-1,-1,3,489,30,-490
ucf2028classofficial,-1,-1,-1,5,846,261,-847
txst.28,-1,-1,-1,9,269,349,-270
tulaneclass.2028,-1,-1,-1,230,1514,1442,-1515
oregonclassof2028_,-1,-1,-1,1,26,96,-27
uhmanoa2028,-1,-1,-1,18,286,5,-287
ufclass.2028,-1,-1,-1,-1,-1,-1,0
vt2028bios,-1,-1,-1,1,3,0,-4
redraiders_2028,-1,-1,-1,31,393,459,-394
alabamaclasso2028,-1,-1,-1,-1,-1,-1,0
utaustinclassof28,-1,-1,-1,1,6,9,-7
uta_2028,-1,-1,-1,0,221,137,-222
umd__2028,-1,-1,-1,-1,-1,-1,0
olemissclassof.2028,-1,-1,-1,-1,-1,-1,0
snhu.2028,-1,-1,-1,0,144,246,-145
georgiasouthern_.2028,-1,-1,-1,1280,3589,1579,-3590
tcu2028.bios,-1,-1,-1,-1,-1,-1,0
uclaclassof_2028,-1,-1,-1,0,2,12,-3
ukentucky28,-1,-1,-1,-1,-1,-1,0
astate_classof2027,-1,-1,-1,13,108,118,-109
uhouston.2028,-1,-1,-1,0,1,0,-2
asu.batch_2028,-1,-1,-1,-1,-1,-1,0
fsu2028classofficial,-1,-1,-1,4,1008,201,-1009
calpoly.classof2028,-1,-1,-1,1,136,719,-137
universityofwiscomadison2028,0,3,0,0,3,0,0
umiami2028official_,-1,-1,-1,-1,-1,-1,0
jmu2028,-1,-1,-1,1823,4292,21,-4293
washuclassof.28,-1,-1,-1,286,2695,1263,-2696
class_of_28_uga,-1,-1,-1,191,1807,2217,-1808
wvu.classof2028,44,3407,326,44,3407,326,0
oregon2028,-1,-1,-1,-1,-1,-1,0
uncc.classof2028,-1,-1,-1,-1,-1,-1,0
ut.austin.2028,-1,-1,-1,-1,-1,-1,0
georgiasouthern_2028,-1,-1,-1,0,8,3,-9
marquette2028,-1,-1,-1,-1,-1,-1,0
northeastern2028_official,-1,-1,-1,2,278,1057,-279
uwmadison.2028_,-1,-1,-1,-1,-1,-1,0
minnesota2028_,-1,-1,-1,-1,-1,-1,0
uniclassof2027,-1,-1,-1,1,74,131,-75
ncsuclass2028,-1,-1,-1,-1,-1,-1,0
wvu.28,-1,-1,-1,283,1307,1209,-1308
ecuclassof2028,-1,-1,-1,0,6,0,-7
uga28class,-1,-1,-1,4,201,821,-202
syracusebios2028,-1,-1,-1,271,1190,1207,-1191
montclairclassof2028,-1,-1,-1,-1,-1,-1,0
tulane2028.bios,-1,-1,-1,113,1166,827,-1167
usfclass2028official,-1,-1,-1,98,1595,590,-1596
ndsu2028,-1,-1,-1,-1,-1,-1,0
ucsandiego_2028,-1,-1,-1,2472,7274,3894,-7275
ucberkeleyclassof2028,-1,-1,-1,-1,-1,-1,0
bc2028_,-1,-1,-1,-1,-1,-1,0
pennstate_classof2028,-1,-1,-1,-1,-1,-1,0
unh2028_,-1,-1,-1,-1,-1,-1,0
delaware2028official,-1,-1,-1,32,915,869,-916
umichiganclassof2028,-1,-1,-1,1,543,71,-544
uga.classof2028,-1,-1,-1,0,71,722,-72
uno.2028,-1,-1,-1,-1,-1,-1,0
fordham.2028,-1,-1,-1,108,1015,23,-1016
olemiss_2028,-1,-1,-1,-1,-1,-1,0
duke2028.class,-1,-1,-1,-1,-1,-1,0
uvm.2028,-1,-1,-1,-1,-1,-1,0
nsu2028,-1,-1,-1,17,1304,1077,-1305
fsuclassof_28,-1,-1,-1,14,698,3492,-699
hoyas2028,-1,-1,-1,5,555,788,-556
ufclassof28_,-1,-1,-1,-1,-1,-1,0
purdueclass2028official,-1,-1,-1,4,1030,274,-1031
uofutah2028offical,-1,-1,-1,-1,-1,-1,0
ostate28,-1,-1,-1,1,50,49,-51
tns2027,-1,-1,-1,1,88,104,-89
ohiouco_2028,-1,-1,-1,-1,-1,-1,0
ucf_classof_2028,-1,-1,-1,-1,-1,-1,0
montanastate2028bios,-1,-1,-1,3,55,55,-56
uiuc2028class,-1,-1,-1,1,133,23,-134
ufclassof2028_,-1,-1,-1,0,8,2,-9
fsu.classof28,-1,-1,-1,-1,-1,-1,0
tulaneu2028,-1,-1,-1,0,5,0,-6
delaware.2028,-1,-1,-1,49,1265,6,-1266
vtech2028bios,-1,-1,-1,0,20,12,-21
uofaclassof28,-1,-1,-1,0,31,1,-32
georgiasouthern.2028,-1,-1,-1,1,90,87,-91
miami.uco2028,0,16,4,0,16,4,0
nauco2028,-1,-1,-1,2,32,36,-33
cuboulder2028official,-1,-1,-1,742,4231,767,-4232
jmuroomies,-1,-1,-1,945,1621,1219,-1622
novaclassof28,-1,-1,-1,0,63,192,-64
wfuclassof2028,-1,-1,-1,0,63,21,-64
iowa2028,-1,-1,-1,212,2579,4254,-2580
uwwhitewater2028,-1,-1,-1,536,2593,2062,-2594
uncchapelhillclass2028,-1,-1,-1,-1,-1,-1,0
olemissuniversity2028,-1,-1,-1,0,1,0,-2
uh_manoa2028,-1,-1,-1,3,142,124,-143
uhmanoaclassof2028,-1,-1,-1,0,1,0,-2
riceclassof2028,-1,-1,-1,8,165,266,-166
gtownco28,-1,-1,-1,-1,-1,-1,0
uiowa__classof2028,-1,-1,-1,-1,-1,-1,0
uwspclassof2028,-1,-1,-1,406,1125,1237,-1126
novaclassof2028,-1,-1,-1,1,13,271,-14
uofutah.2028,-1,-1,-1,-1,-1,-1,0
babydawgs2028,2,234,150,2,234,150,0
ucberkeley_class_of_2028,-1,-1,-1,2,471,426,-472
okstateco28,-1,-1,-1,0,82,21,-83
northeasternclass2028,-1,-1,-1,1,48,29,-49
ku_classof2028,-1,-1,-1,-1,-1,-1,0
seattleu_2028class,-1,-1,-1,-1,-1,-1,0
umcp_28,-1,-1,-1,0,2,1,-3
vanderbiltstudents2028,-1,-1,-1,4,994,34,-995
uwlax2028,-1,-1,-1,-1,-1,-1,0
jmuclassof2028,-1,-1,-1,0,5,5,-6
ugaclass2028,-1,-1,-1,-1,-1,-1,0
jmu2028freshman,-1,-1,-1,0,7,7,-8
lsu.classof28,-1,-1,-1,-1,-1,-1,0
ucsb_classof2028,-1,-1,-1,0,53,32,-54
uwof2028,-1,-1,-1,-1,-1,-1,0
gt_2028_bios,-1,-1,-1,2,212,15,-213
asuclass2028official,-1,-1,-1,5,978,262,-979
_upenn2028,-1,-1,-1,387,1818,995,-1819
umdclassof2028,-1,-1,-1,0,0,0,-1
jmu2028bios,-1,-1,-1,179,1231,950,-1232
jmu.class2028,-1,-1,-1,-1,-1,-1,0
mizzouclasso2028,-1,-1,-1,-1,-1,-1,0
uf_classof2028,-1,-1,-1,0,2,3,-3
nyu.class2028,-1,-1,-1,-1,-1,-1,0
purdue.classof28,-1,-1,-1,552,2342,708,-2343
csu.classof28,-1,-1,-1,282,3580,1242,-3581
thenewschoolclassof2027,-1,-1,-1,0,93,71,-94
sfsu2028official,-1,-1,-1,4,896,82,-897
ubclassof2028,-1,-1,-1,2,288,366,-289
ohiostate_2028,-1,-1,-1,-1,-1,-1,0
maryland.2028,-1,-1,-1,1,266,0,-267
usf2028usf,-1,-1,-1,-1,-1,-1,0
kennesaw2028official,-1,-1,-1,5,857,105,-858
_usfclassof2028,-1,-1,-1,0,59,2,-60
wakeforest28,-1,-1,-1,0,134,0,-135
iowastate2028class,-1,-1,-1,29,997,346,-998
boisestateclassof2027,-1,-1,-1,0,47,102,-48
gonzagaclassof2028,-1,-1,-1,0,0,0,-1
arizonastate_2028,-1,-1,-1,-1,-1,-1,0
fgcu.classof2028,-1,-1,-1,-1,-1,-1,0
uarkansas_2028,-1,-1,-1,1,142,365,-143
utah_valley_class_of_2027,-1,-1,-1,0,57,5,-58
ucm_2028,-1,-1,-1,223,1265,1061,-1266
gvsu.2028,-1,-1,-1,89,260,10,-261
ucsd2028official,1793,3726,707,1793,3726,707,0
ksu_classof2028,-1,-1,-1,1,85,336,-86
vt2028class,-1,-1,-1,3,70,130,-71
uofaclassof2028___,-1,-1,-1,-1,-1,-1,0
bamaclassof28,-1,-1,-1,0,16,0,-17
2028_drexel,-1,-1,-1,783,2367,1,-2368
university.utah.2028,-1,-1,-1,1,51,307,-52
asuclassof28,-1,-1,-1,2,80,301,-81
officialusc2028,-1,-1,-1,0,26,23,-27
uofsc_classof28,-1,-1,-1,0,2,0,-3
pace_2028,-1,-1,-1,1,55,49,-56
bamabound2028bios,-1,-1,-1,-1,-1,-1,0
pennstate_class_2028,-1,-1,-1,3,74,83,-75
ukentucky_classof2028,-1,-1,-1,-1,-1,-1,0
wpiclassof2028,-1,-1,-1,1,208,48,-209
miz2028zou,-1,-1,-1,0,532,101,-533
uri2028_,-1,-1,-1,-1,-1,-1,0
arizonastateclassof28,-1,-1,-1,1,20,10,-21
uwmadison28.official,0,45,4,0,45,4,0
u_ofsc2028,-1,-1,-1,-1,-1,-1,0
uwlax2028_,-1,-1,-1,-1,-1,-1,0
columbiaclassof2028_,-1,-1,-1,-1,-1,-1,0
notredame_2028_bios,-1,-1,-1,325,1572,676,-1573
csumbclassof28,-1,-1,-1,0,9,0,-10
uwmadison.classof2028,-1,-1,-1,0,20,138,-21
rutgers_classof2028,-1,-1,-1,-1,-1,-1,0
nyuclassof2028bios,-1,-1,-1,0,0,1,-1
nyuclasso2028,-1,-1,-1,-1,-1,-1,0
kennesawstate2028,-1,-1,-1,-1,-1,-1,0
uarkco28,-1,-1,-1,1,61,779,-62
byui.2028,-1,-1,-1,4,52,70,-53
loyola.classof2028,-1,-1,-1,757,2624,23,-2625
psu_2028,-1,-1,-1,0,0,0,-1
ucberkeley.2028,-1,-1,-1,-1,-1,-1,0
binghamtonclassof2028__,-1,-1,-1,0,53,345,-54
ucsandiego2028,-1,-1,-1,-1,-1,-1,0
uwplatteville2028,-1,-1,-1,0,121,95,-122
xavier2028_,-1,-1,-1,396,947,528,-948
wisc2028,-1,-1,-1,2,73,417,-74
oregonstateclassof2028,-1,-1,-1,0,98,439,-99
cwru.co2028,-1,-1,-1,714,2107,254,-2108
official.uk2028,-1,-1,-1,2,51,5,-52
cuboulderclasso2028,-1,-1,-1,-1,-1,-1,0
usfclassof2028bulls,-1,-1,-1,1,51,175,-52
virginiatech.2028,-1,-1,-1,-1,-1,-1,0
msu2028.bios,-1,-1,-1,-1,-1,-1,0
wmu.classof2028,-1,-1,-1,-1,-1,-1,0
uco_class28,-1,-1,-1,249,1061,1050,-1062
bostonu_2028,-1,-1,-1,0,54,139,-55
wvu2028.bios,-1,-1,-1,0,31,1,-32
unccclassof2028,-1,-1,-1,3,24,39,-25
umich.bios2028,-1,-1,-1,8,153,93,-154
uiowa_class_of_2028,-1,-1,-1,37,14,7,-15
rutgersclass2028,-1,-1,-1,1,37,240,-38
alabamaclasso2028,-1,-1,-1,-1,-1,-1,0
miamiu.2028,-1,-1,-1,-1,-1,-1,0
uniofkentucky2028,-1,-1,-1,1,63,44,-64
kentuckyclassof2028,-1,-1,-1,419,405,2329,-406
uvm2028.bios,-1,-1,-1,534,1768,3,-1769
kentstate2028official,-1,-1,-1,-1,-1,-1,0
cpp_class28,-1,-1,-1,777,2044,1595,-2045
uwmadison.28,-1,-1,-1,-1,-1,-1,0
ugaco2028bios,-1,-1,-1,0,198,9,-199
gwu2028,-1,-1,-1,0,227,7,-228
csu.class.of.2028_,-1,-1,-1,0,9,4,-10
uiowa2028,-1,-1,-1,-1,-1,-1,0
montclairstate.2028,-1,-1,-1,1,28,2,-29
udayton2028,-1,-1,-1,1,0,77,-1
cal.classof2028,-1,-1,-1,0,6,38,-7
baylor2028.bios,-1,-1,-1,-1,-1,-1,0
ecu2028bios,-1,-1,-1,0,22,0,-23
utknoxville2028,-1,-1,-1,1,67,5,-68
templeu2028,-1,-1,-1,-1,-1,-1,0
umclassof28,-1,-1,-1,-1,-1,-1,0
westchester2028bios,-1,-1,-1,0,4,0,-5
ugastudents2028,-1,-1,-1,1,13,4,-14
uiuc2028,-1,-1,-1,0,17,1,-18
fau_2028,-1,-1,-1,-1,-1,-1,0
houston.2028,-1,-1,-1,407,859,224,-860
psuclass.28,-1,-1,-1,1022,16006,3169,-16007
purduestudents2028,1,51,7,1,51,7,0
columbiau2028,-1,-1,-1,4,105,369,-106
nyuclassof28,-1,-1,-1,0,13,137,-14
officialbaylor2028,-1,-1,-1,-1,-1,-1,0
uofa.classof2028,0,9,1,0,9,1,0
floridaclassof2028,-1,-1,-1,1,86,6,-87
uofvandy2028,-1,-1,-1,1,3,0,-4
gvsu2028,-1,-1,-1,0,0,0,-1
washu.classof28,-1,-1,-1,1,133,72,-134
cornell_2028_bios,-1,-1,-1,3,207,18,-208
berkeley.28,-1,-1,-1,-1,-1,-1,0
umasslowell2028bios,-1,-1,-1,-1,-1,-1,0
uarkansasclassof2028,-1,-1,-1,-1,-1,-1,0
washu2028,-1,-1,-1,0,128,9,-129
ecu.28,-1,-1,-1,384,2362,2845,-2363
fau.2028,-1,-1,-1,-1,-1,-1,0
uofmn2028,-1,-1,-1,-1,-1,-1,0
mississippi_state_28,-1,-1,-1,0,33,125,-34
cincy_2028,-1,-1,-1,-1,-1,-1,0
uf2028.official,-1,-1,-1,-1,-1,-1,0
uofwyoming2028,-1,-1,-1,0,36,8,-37
jmu2028officiall,-1,-1,-1,1,79,79,-80
universityofsouthdakota2028,-1,-1,-1,-1,-1,-1,0
ucsc.2028,-1,-1,-1,0,48,0,-49
newmexico2028,-1,-1,-1,2,33,50,-34
cornell.classof2028,-1,-1,-1,38,2464,209,-2465
chapmanclass.2028,-1,-1,-1,-1,-1,-1,0
ucmerced2028official,-1,-1,-1,1,89,130,-90
universityofalabama2028,-1,-1,-1,20,1127,1172,-1128
_lsu2028_,-1,-1,-1,-1,-1,-1,0
vcu.classof.2028,-1,-1,-1,0,8,6,-9
purdueisofficial,-1,-1,-1,8,14,98,-15
neu2028official,-1,-1,-1,36,534,1161,-535
umn.classof2028,-1,-1,-1,0,0,1,-1
babydawgs.2028,-1,-1,-1,-1,-1,-1,0
uo.2028,-1,-1,-1,-1,-1,-1,0
villanova_2028,-1,-1,-1,-1,-1,-1,0
usc2028official,-1,-1,-1,5,1004,213,-1005
officialuf28,-1,-1,-1,0,5,9,-6
uwmadison2028bios,-1,-1,-1,59,167,167,-168
untclass.2028,-1,-1,-1,614,4097,1206,-4098
uva_classof2028bios,-1,-1,-1,65,2465,1330,-2466
uofnewhaven2028,-1,-1,-1,-1,-1,-1,0
umnclassof28,1,106,528,1,106,528,0
cornell2028_official,-1,-1,-1,0,45,0,-46
uclaclassof2028_,-1,-1,-1,-1,-1,-1,0
fgcu.2028,-1,-1,-1,0,7,0,-8
uf.classof2028,-1,-1,-1,-1,-1,-1,0
umd_class2028,-1,-1,-1,136,4705,2816,-4706
unhclass.of2028,-1,-1,-1,0,0,0,-1
pennstateclassof2028,-1,-1,-1,0,0,0,-1
monmouth.classof.2028,-1,-1,-1,-1,-1,-1,0
umn.2028,-1,-1,-1,1,32,66,-33
ttuclassof2028,-1,-1,-1,-1,-1,-1,0
lsu2028class,-1,-1,-1,0,55,1,-56
umich.2028_official,-1,-1,-1,0,21,0,-22
kennesaw_classof2028,-1,-1,-1,0,50,485,-51
ukclass2028official,-1,-1,-1,85,1948,794,-1949
cornell2028official,-1,-1,-1,1,42,161,-43
gonzaga2028official,-1,-1,-1,3,120,25,-121
universityofiowaclassof28,-1,-1,-1,-1,-1,-1,0
astate2028,-1,-1,-1,-1,-1,-1,0
byuco2028,-1,-1,-1,0,0,0,-1
bostonclass.2028,-1,-1,-1,-1,-1,-1,0
uof_minnesota2028,-1,-1,-1,-1,-1,-1,0
delawareclassof2028,-1,-1,-1,-1,-1,-1,0
uwm.classof28,-1,-1,-1,203,883,1075,-884
penstateclassof28,-1,-1,-1,-1,-1,-1,0
georgiaco2028,-1,-1,-1,0,785,58,-786
ccu_2028,-1,-1,-1,1,62,33,-63
tampaclassof28,-1,-1,-1,-1,-1,-1,0
uwmadison2028.bios,-1,-1,-1,-1,-1,-1,0
uga_freshmanpage,-1,-1,-1,6643,9768,327,-9769
uhmanoa_2028,-1,-1,-1,2,23,8,-24
fsuclass2028_,-1,-1,-1,-1,-1,-1,0
bc2028bios,-1,-1,-1,466,3098,3986,-3099
csu.class.of2028,-1,-1,-1,-1,-1,-1,0
tcu2028,-1,-1,-1,0,12,1,-13
wvubios2028,-1,-1,-1,13,479,307,-480
tulaneclassof28,-1,-1,-1,6,242,543,-243
ccu.28,-1,-1,-1,-1,-1,-1,0
uvmclass.2028,-1,-1,-1,0,2,0,-3
miz.classof28,0,2,44,0,2,44,0
sjsihdndlsnskdnsksn,-1,-1,-1,0,0,0,-1
official.uniofarkansas.2028,-1,-1,-1,4,148,3,-149
cuboulderclassof2028,-1,-1,-1,0,26,28,-27
sfsuclassof2028,-1,-1,-1,0,6,0,-7
xavieruniversityclassof2028,-1,-1,-1,-1,-1,-1,0
csumb2027,-1,-1,-1,0,32,18,-33
syracuse_class2028,-1,-1,-1,0,0,0,-1
pennstateco2028,-1,-1,-1,0,348,7,-349
classof2028usc,-1,-1,-1,0,2,0,-3
umasslowellclassof2028,-1,-1,-1,0,1,0,-2
bama_classof2028,-1,-1,-1,1,48,50,-49
syracuse.28,-1,-1,-1,455,3852,1944,-3853
uri2028official,-1,-1,-1,0,4,0,-5
nyu2028.bios,-1,-1,-1,137,1055,773,-1056
unc.charlotteclassof2028,-1,-1,-1,3,69,115,-70
purdue2028_,-1,-1,-1,-1,-1,-1,0
chapman_2028_,-1,-1,-1,1226,2831,1375,-2832
uvm_classo2028,-1,-1,-1,-1,-1,-1,0
uga_co2028,-1,-1,-1,-1,-1,-1,0
uga.2028bios,26,1271,3195,26,1271,3195,0
vanderbilt2028official,-1,-1,-1,3,404,1230,-405
tamucc2028,-1,-1,-1,-1,-1,-1,0
emorybios2028,-1,-1,-1,2,222,106,-223
utaustin.2028,-1,-1,-1,0,27,6,-28
usaclassof2028,-1,-1,-1,-1,-1,-1,0
cwu2027,-1,-1,-1,1,96,66,-97
utk__2028_,-1,-1,-1,136,1500,6633,-1501
olemiss.28,-1,-1,-1,-1,-1,-1,0
vtclassof2028,-1,-1,-1,6,1254,40,-1255
libertyclass28,-1,-1,-1,-1,-1,-1,0
luuniclassof28,-1,-1,-1,-1,-1,-1,0
babyrebsclassof28,-1,-1,-1,-1,-1,-1,0
iu2028bios,-1,-1,-1,1588,6781,1078,-6782
usc.class2028,-1,-1,-1,3,970,2607,-971
universityofmarylandadmits,-1,-1,-1,-1,-1,-1,0
southcarolinaclassof28,-1,-1,-1,-1,-1,-1,0
uga_class_of_2028,-1,-1,-1,0,152,32,-153
cuboulder_2028,-1,-1,-1,-1,-1,-1,0
csu2028official,-1,-1,-1,196,1338,1118,-1339
bama2028class,-1,-1,-1,-1,-1,-1,0
uwoshkosh2028_,-1,-1,-1,-1,-1,-1,0
uofscco2028,-1,-1,-1,137,2427,2806,-2428
nc.state2028official,-1,-1,-1,5,1045,311,-1046
asu2027.official,-1,-1,-1,541,734,1727,-735
newaggies28,-1,-1,-1,-1,-1,-1,0
libertyu2028,-1,-1,-1,-1,-1,-1,0
udenver2028,-1,-1,-1,-1,-1,-1,0
unt2028official,-1,-1,-1,41,1141,506,-1142
cuboulderclassof_2028,-1,-1,-1,-1,-1,-1,0
und_co28_,-1,-1,-1,-1,-1,-1,0
lsutigers_28,-1,-1,-1,2,44,378,-45
tamuclass2028official,-1,-1,-1,293,2686,3108,-2687
usf.2028,-1,-1,-1,-1,-1,-1,0
wvu.classof2028,44,3407,326,44,3407,326,0
west__chester2028,-1,-1,-1,1,64,138,-65
olemiss_classof_2028,-1,-1,-1,1,224,1214,-225
appstatetransfers,-1,-1,-1,909,1545,130,-1546
uclaofficial28,-1,-1,-1,0,27,1,-28
u.montana2028,-1,-1,-1,-1,-1,-1,0
official2028baylor,-1,-1,-1,-1,-1,-1,0
umiamico2028,-1,-1,-1,-1,-1,-1,0
jmu2028official,-1,-1,-1,0,54,44,-55
cmu2028class,-1,-1,-1,1,151,285,-152
cornell.2028.bios,-1,-1,-1,1,66,111,-67
txst2028official,-1,-1,-1,256,1530,1475,-1531
bama_class_of_2028,-1,-1,-1,0,67,1,-68
lsu_tigers_2028,-1,-1,-1,0,36,4,-37
slu_2028,-1,-1,-1,0,30,4,-31
delawarestudents2028,-1,-1,-1,3,42,28,-43
missouri.classof2028,-1,-1,-1,32,1220,2287,-1221
utaustin.class.of.2028,-1,-1,-1,0,69,75,-70
northwesternclassof2028,-1,-1,-1,49,1324,1209,-1325
utaustinclassof2028_,-1,-1,-1,0,0,0,-1
uscbios2028,-1,-1,-1,-1,-1,-1,0
nc.state.2028,-1,-1,-1,-1,-1,-1,0
unh_classof2028,-1,-1,-1,30,3035,467,-3036
binghamtonclassof2028_,-1,-1,-1,-1,-1,-1,0
pitt2028bios,-1,-1,-1,0,3,0,-4
vanderbilt2028,-1,-1,-1,-1,-1,-1,0
floridastateuniversity2028,-1,-1,-1,6,94,395,-95
alabamabamaclassof2028,-1,-1,-1,-1,-1,-1,0
purdue_classof2028,-1,-1,-1,-1,-1,-1,0
ucberkeley2028bios,-1,-1,-1,-1,-1,-1,0
official_uk2028,-1,-1,-1,1,175,220,-176
crismontideclassof28,-1,-1,-1,-1,-1,-1,0
utampa2028.bios,-1,-1,-1,-1,-1,-1,0
uwgbclassof27,-1,-1,-1,216,405,47,-406
southernmiss2028,-1,-1,-1,-1,-1,-1,0
nyuclass.2028,-1,-1,-1,0,0,0,-1
rice2028bios,-1,-1,-1,-1,-1,-1,0
tamu_co2028,-1,-1,-1,1,97,2,-98
unhclassof2028,-1,-1,-1,1,42,103,-43
uncwclassof2028,-1,-1,-1,3,54,66,-55
georgiastate.29,-1,-1,-1,0,1,0,-2
michigan2028class,-1,-1,-1,-1,-1,-1,0
uncg2028official,-1,-1,-1,0,25,40,-26
ukyclassof2028,-1,-1,-1,-1,-1,-1,0
clemson2028.bios,-1,-1,-1,-1,-1,-1,0
unl2028bios,-1,-1,-1,-1,-1,-1,0
etsuclass2028,-1,-1,-1,-1,-1,-1,0
uva2028.official,-1,-1,-1,0,42,31,-43
unh.class2028,-1,-1,-1,0,3,0,-4
florida2028class,-1,-1,-1,7,1029,700,-1030
fauclass2028,581,1763,2675,581,1763,2675,0
_fordhamclassof2028_,-1,-1,-1,-1,-1,-1,0
ohiostatestudents2028,-1,-1,-1,-1,-1,-1,0
fly.ers2028,-1,-1,-1,0,4,6,-5
pennstate_class.of_2028,-1,-1,-1,2,656,432,-657
unlclassof2028,-1,-1,-1,-1,-1,-1,0
northeastern2028class,-1,-1,-1,83,755,209,-756
jmu2028class,-1,-1,-1,4,0,1,-1
umarylandclassof2028,-1,-1,-1,0,4,9,-5
fiu2028intros,-1,-1,-1,0,52,56,-53
georgia.southern2028,-1,-1,-1,2,1028,1431,-1029
tamucc2028,-1,-1,-1,-1,-1,-1,0
utaustin.class2028,-1,-1,-1,135,1553,3345,-1554
villanova__2028,-1,-1,-1,-1,-1,-1,0
utaustin2028bios,-1,-1,-1,0,12,1,-13
uwmadisonclassof2028,-1,-1,-1,-1,-1,-1,0
uw.madison2028,-1,-1,-1,262,6467,1863,-6468
redraiders.2028_,-1,-1,-1,-1,-1,-1,0
carver_2enio4_,-1,-1,-1,6,66,69,-67
usaclassof2028,-1,-1,-1,-1,-1,-1,0
alabamaco28,-1,-1,-1,0,0,0,-1
ualabama_classof_2028,7,165,360,7,165,360,0
umichiganclassof.2028,-1,-1,-1,1,12,16,-13
memphisclassof2028,-1,-1,-1,2,1510,2660,-1511
uofgeorgia.2028,-1,-1,-1,-1,-1,-1,0
niuclassof2028,-1,-1,-1,2,267,21,-268
uofh2028,-1,-1,-1,0,85,17,-86
utampa2028.bios,-1,-1,-1,-1,-1,-1,0
northeastern2028official,-1,-1,-1,-1,-1,-1,0
byu2028admits,-1,-1,-1,-1,-1,-1,0
sluclassof2028,-1,-1,-1,0,0,0,-1
uoftenn.classof2028,-1,-1,-1,333,2815,5635,-2816
okstate2028,-1,-1,-1,1,28,7,-29
oregonu2028,-1,-1,-1,0,0,0,-1
lehigh2028official,-1,-1,-1,241,1244,1460,-1245
kentucky_2028,-1,-1,-1,0,2,7,-3
universityofsouthdakota2027,-1,-1,-1,-1,-1,-1,0
clemsonco.2028,-1,-1,-1,-1,-1,-1,0
uarkansas28,-1,-1,-1,0,192,145,-193
miz.co2028,-1,-1,-1,-1,-1,-1,0
lsuclassof2028,-1,-1,-1,-1,-1,-1,0
umaine2028,-1,-1,-1,-1,-1,-1,0
kuclassof2028_,-1,-1,-1,844,1805,3097,-1806
northwesternu2028,-1,-1,-1,-1,-1,-1,0
ucf2028class,-1,-1,-1,0,13,0,-14
west.chester2028,-1,-1,-1,0,0,1,-1
unr2028,-1,-1,-1,16,446,4,-447
boulder2028,-1,-1,-1,0,33,120,-34
gcuclassof2028,-1,-1,-1,0,31,7,-32
uiuc.2028,-1,-1,-1,0,87,2,-88
lsuclassof2028official,-1,-1,-1,1,26,68,-27
ua_classof2028,-1,-1,-1,0,1,0,-2
2028owls,-1,-1,-1,0,21,11,-22
wcu2028bios,-1,-1,-1,0,4,0,-5
bamaclassof2028_,-1,-1,-1,1,12,149,-13
uva_classof2028,-1,-1,-1,0,109,160,-110
shsu_2028,-1,-1,-1,305,1263,1,-1264
american_classof2028,-1,-1,-1,-1,-1,-1,0
villanovaclass.2028,-1,-1,-1,-1,-1,-1,0
lsu_bios_2028,-1,-1,-1,2,269,18,-270
liberty2028bios,-1,-1,-1,23,937,738,-938
umaine_2028,-1,-1,-1,243,1355,746,-1356
uoclassof28,1464,4053,1118,1464,4053,1118,0
bostoncollege.2028,-1,-1,-1,0,22,9,-23
hofstra.classof28,-1,-1,-1,-1,-1,-1,0
pennstateclassof.2028,-1,-1,-1,0,44,176,-45
bu2028.official,-1,-1,-1,10,470,1391,-471
uclaclassof2028,-1,-1,-1,0,55,21,-56
msu_class_of_2028,-1,-1,-1,0,12,134,-13
umnclass2028,-1,-1,-1,1817,6405,2419,-6406
unc2028bios,-1,-1,-1,0,20,4,-21
uofutah2028official_,-1,-1,-1,0,50,1,-51
ttu2028,-1,-1,-1,0,31,1,-32
babydawgs2028,2,234,150,2,234,150,0
duclassof2028,-1,-1,-1,-1,-1,-1,0
boisestatebios,-1,-1,-1,-1,-1,-1,0
uarkclass2028,-1,-1,-1,18,306,120,-307
carnegie.28bios,-1,-1,-1,0,7,0,-8
umassbostonclassof2028,-1,-1,-1,1,1,1,-2
nc.state2028,-1,-1,-1,0,4,29,-5
uscb_2028,-1,-1,-1,-1,-1,-1,0
lsu.classof2028,-1,-1,-1,143,4456,921,-4457
ohiostateclassof2028,-1,-1,-1,0,2,0,-3
tcuclassof28,-1,-1,-1,-1,-1,-1,0
snhuclassof2028,-1,-1,-1,-1,-1,-1,0
uarkansasclassof28,-1,-1,-1,-1,-1,-1,0
piratesclassof2028,-1,-1,-1,1,0,2,-1
ucsd.2028,-1,-1,-1,1,115,3,-116
ukyclass28,-1,-1,-1,-1,-1,-1,0
umnclassof28,1,106,528,1,106,528,0
sbuclass28,-1,-1,-1,-1,-1,-1,0
auburnuniversityclassof.2028,-1,-1,-1,1,11,4,-12
cuboulderclassof28,-1,-1,-1,-1,-1,-1,0
utaustin.classof2028,-1,-1,-1,-1,-1,-1,0
appstatesae,-1,-1,-1,153,1098,206,-1099
clemsonclassof28,-1,-1,-1,-1,-1,-1,0
bostoncollege_2028_bios,-1,-1,-1,3,608,11,-609
miz.classof28,0,2,44,0,2,44,0
babyrebs2028,-1,-1,-1,0,0,0,-1
unl_classof28,-1,-1,-1,3,17,8,-18
usf2028bios,-1,-1,-1,-1,-1,-1,0
uva_2028_bios,-1,-1,-1,2,320,50,-321
appstate.2025,-1,-1,-1,-1,-1,-1,0
udelaware28,-1,-1,-1,-1,-1,-1,0
asusundevils2028,-1,-1,-1,624,2711,5227,-2712
ucsb.2028,-1,-1,-1,1,47,53,-48
fsu2028bios,-1,-1,-1,-1,-1,-1,0
ncsu.28,-1,-1,-1,0,0,0,-1
ucsb.28,-1,-1,-1,173,2114,2287,-2115
gwuniversity2028bios,-1,-1,-1,1,15,106,-16
kansas2028,-1,-1,-1,-1,-1,-1,0
utkbios2028,-1,-1,-1,-1,-1,-1,0
uva2028class,-1,-1,-1,34,366,373,-367
asuclasso2028,-1,-1,-1,-1,-1,-1,0
utaustin.28,-1,-1,-1,-1,-1,-1,0
uwmadison_28,3,158,167,3,158,167,0
official.vandy28,-1,-1,-1,0,67,12,-68
tamuclasso2028,-1,-1,-1,0,12,0,-13
vt_2028_bios,-1,-1,-1,2,195,20,-196
uofalabamaclassof2028,-1,-1,-1,0,0,0,-1
umdbios2028,17,1117,219,17,1117,219,0
universityofdenver2028,-1,-1,-1,-1,-1,-1,0
uhmanoa2k28,-1,-1,-1,0,60,86,-61
universityofutah2028,-1,-1,-1,-1,-1,-1,0
uarkclassof28,-1,-1,-1,-1,-1,-1,0
kansas.state.2028,-1,-1,-1,-1,-1,-1,0
usc2028_official,-1,-1,-1,-1,-1,-1,0
alabamaclassof28_,-1,-1,-1,12,108,501,-109
chapmanco2028,-1,-1,-1,0,15,21,-16
asu.2028bios,-1,-1,-1,-1,-1,-1,0
du_class_of_2028,-1,-1,-1,0,85,144,-86
montanastateclassof2029,-1,-1,-1,0,15,1,-16
uofaclassof2028_,-1,-1,-1,-1,-1,-1,0
classof2028miz,-1,-1,-1,-1,-1,-1,0
wcu.2028,-1,-1,-1,0,74,19,-75
cuboulderclasso2028,-1,-1,-1,-1,-1,-1,0
babyrebs28,-1,-1,-1,3,89,345,-90
ttu_classof2028,-1,-1,-1,3,73,234,-74
pitt2028class,-1,-1,-1,-1,-1,-1,0
uwclassof2028,-1,-1,-1,-1,-1,-1,0
uofgeorgia2028,-1,-1,-1,1,42,22,-43
rutgers2028official,-1,-1,-1,1944,6374,286,-6375
uwlax.2028,-1,-1,-1,-1,-1,-1,0
uflorida2028official,-1,-1,-1,4,1002,237,-1003
tamucstatclassof2028,-1,-1,-1,-1,-1,-1,0
auburnclass.2028,-1,-1,-1,-1,-1,-1,0
umclassof28,-1,-1,-1,-1,-1,-1,0
uark2028_,-1,-1,-1,0,1,0,-2
universityofutah28,137,942,469,137,942,469,0
uvm_2028,0,31,148,0,31,148,0
cal_poly_class_of_2028,-1,-1,-1,-1,-1,-1,0
tulanestudents2028,-1,-1,-1,1,4,0,-5
upenn2028,-1,-1,-1,-1,-1,-1,0
tulanebios2028,-1,-1,-1,5,146,106,-147
ohio.state.2028,-1,-1,-1,0,2,0,-3
nyuco2028,-1,-1,-1,0,1,0,-2
uofaclassof2028,-1,-1,-1,1,56,15,-57
uvm.2028,-1,-1,-1,-1,-1,-1,0
univtampa_28,-1,-1,-1,1,11,104,-12
wkumeetstudents,-1,-1,-1,0,9,31,-10
umaine.2028,-1,-1,-1,1,37,327,-38
clemsontigers2028,-1,-1,-1,-1,-1,-1,0
cal_2028,-1,-1,-1,1,46,30,-47
ucla_co28,-1,-1,-1,0,1,0,-2
utampaco2028,-1,-1,-1,0,40,211,-41
ucsantacruz2028,-1,-1,-1,-1,-1,-1,0
marshallclassof2028,-1,-1,-1,-1,-1,-1,0
bostonu2028,-1,-1,-1,-1,-1,-1,0
fauclass2028,581,1763,2675,581,1763,2675,0
northeasternclass.2028,-1,-1,-1,-1,-1,-1,0
texasclassof2028,-1,-1,-1,-1,-1,-1,0
uarkansas2028bios,-1,-1,-1,-1,-1,-1,0
tamu2028.bios,-1,-1,-1,-1,-1,-1,0
lsutigers.2028,-1,-1,-1,-1,-1,-1,0
uwwhitewater2027,-1,-1,-1,305,3152,3716,-3153
uofmich2028,-1,-1,-1,0,5,3,-6
westchesteru2028,22,232,283,22,232,283,0
wisconsinclass.2028,-1,-1,-1,-1,-1,-1,0
mu_class_of_2028,-1,-1,-1,0,54,156,-55
uiuc.classof28,-1,-1,-1,1,56,49,-57
nyu2028official,4,774,113,4,774,113,0
nauclassof2028,-1,-1,-1,12,478,96,-479
tcu.classof2028,-1,-1,-1,0,103,62,-104
uvm_classo2028,-1,-1,-1,-1,-1,-1,0
purdue2028class,-1,-1,-1,-1,-1,-1,0
cincinnati2028,-1,-1,-1,0,19,0,-20
uiowaclass.of2028,-1,-1,-1,606,2790,2216,-2791
bcclassof2028,1,124,576,1,124,576,0
vanderbilt.2028,-1,-1,-1,1,46,183,-47
vtco.28,-1,-1,-1,0,4,1,-5
penn.state28,-1,-1,-1,-1,-1,-1,0
official_ecu2028,-1,-1,-1,0,51,122,-52
uga__2028,-1,-1,-1,-1,-1,-1,0
montclairclassof28,-1,-1,-1,0,111,24,-112
utk_class_of2028,-1,-1,-1,0,6,1,-7
calpolyclassof2028_,-1,-1,-1,-1,-1,-1,0
cardinals.2028,-1,-1,-1,1,11,3,-12
psu.co2028,-1,-1,-1,-1,-1,-1,0
universityofwiscomadison2028,0,3,0,0,3,0,0
bing.admits2028,-1,-1,-1,-1,-1,-1,0
bruinclassof2028,-1,-1,-1,1,0,0,-1
odu.2028,-1,-1,-1,1,84,2,-85
ut.austin.class.of.28,-1,-1,-1,-1,-1,-1,0
dukeclassof2028,-1,-1,-1,0,6,42,-7
fiuclassof2028,-1,-1,-1,-1,-1,-1,0
butlerclassof_2028,-1,-1,-1,508,950,647,-951
wkuclassof2028,-1,-1,-1,198,841,999,-842
uarizonaclass.28,-1,-1,-1,-1,-1,-1,0
unhclassof.2028,-1,-1,-1,0,1,0,-2
_universityofalabama_co28,-1,-1,-1,-1,-1,-1,0
tamuclass.2028,-1,-1,-1,-1,-1,-1,0
uofri_28,-1,-1,-1,0,44,19,-45
tulane.class.of.2028,-1,-1,-1,2303,4360,6825,-4361
tamu.2027_,-1,-1,-1,-1,-1,-1,0
westchester_2028,-1,-1,-1,495,1146,921,-1147
georgiasouthern.28,-1,-1,-1,10,232,1569,-233
usfclasso2028,-1,-1,-1,-1,-1,-1,0
dukeclasso2028,-1,-1,-1,-1,-1,-1,0
miamiu.2028,-1,-1,-1,-1,-1,-1,0
uvmclassof2028,-1,-1,-1,-1,-1,-1,0
arizona.2028,-1,-1,-1,-1,-1,-1,0
ucberkeleyofficalco28,-1,-1,-1,0,1,1,-2
uclaclassof2028__,-1,-1,-1,-1,-1,-1,0
pennstateco28,-1,-1,-1,-1,-1,-1,0
uoregon2028,-1,-1,-1,-1,-1,-1,0
und_co28_,-1,-1,-1,-1,-1,-1,0
uncw.classof2028,-1,-1,-1,-1,-1,-1,0
uflorida2028,0,12,0,0,12,0,0
pennstateclassof2028bio,-1,-1,-1,1,8,10,-9
northeastern2028.official,-1,-1,-1,-1,-1,-1,0
villanovaclass.2028,-1,-1,-1,-1,-1,-1,0
purduestudents2028,1,51,7,1,51,7,0
u.montana2028,-1,-1,-1,-1,-1,-1,0
csu.classof2028,-1,-1,-1,-1,-1,-1,0
tamuclass2028,-1,-1,-1,-1,-1,-1,0
bama__2028,-1,-1,-1,136,1574,6265,-1575
upitt2028,-1,-1,-1,-1,-1,-1,0
nau_classof2028,-1,-1,-1,-1,-1,-1,0
kentucky.co2028,-1,-1,-1,0,27,1,-28
uarizonaclassof2028,-1,-1,-1,0,21,3,-22
pennstateclass.2028,-1,-1,-1,-1,-1,-1,0
calpoly2028.bios,-1,-1,-1,-1,-1,-1,0
uarkansasclassof28,-1,-1,-1,-1,-1,-1,0
tamu2028bios,-1,-1,-1,4,836,270,-837
classof2028ucla,-1,-1,-1,0,15,165,-16
ufclass2028,-1,-1,-1,-1,-1,-1,0
uwmadisonclassof.28,-1,-1,-1,0,1527,639,-1528
pennstate2028_,-1,-1,-1,0,0,0,-1
angelostate2028,-1,-1,-1,0,69,46,-70
uwmadison28,-1,-1,-1,1,69,30,-70
wfu_classof2028,-1,-1,-1,-1,-1,-1,0
smu.2028,-1,-1,-1,0,150,10,-151
uofutah_2028,-1,-1,-1,1,464,297,-465
elon2028_,-1,-1,-1,576,751,730,-752
uclaclass.of2028,-1,-1,-1,0,0,0,-1
dukeclass2028,-1,-1,-1,-1,-1,-1,0
uwplatteville27,-1,-1,-1,39,434,43,-435
ubama2028,-1,-1,-1,277,1590,1340,-1591
marquetteuclassof2028official,-1,-1,-1,-1,-1,-1,0
ucsb2028_,-1,-1,-1,1,33,49,-34
newmexicostate2028,-1,-1,-1,2,30,93,-31
umiami_bios_2028,-1,-1,-1,-1,-1,-1,0
sju_2028,-1,-1,-1,0,28,0,-29
smuclassof2028,-1,-1,-1,1,133,579,-134
osu2028bios,-1,-1,-1,3,101,82,-102
osuclasso2028,-1,-1,-1,-1,-1,-1,0
psu2028bios,-1,-1,-1,0,12,2,-13
baylorclassof2028,-1,-1,-1,-1,-1,-1,0
umiami.classof2028,-1,-1,-1,0,100,69,-101
calpolyslo.classof2028,-1,-1,-1,3499,7276,5342,-7277
pitts.2028bios,-1,-1,-1,-1,-1,-1,0
calberkeley_2028,-1,-1,-1,1,1,3,-2
uvahoos2028,-1,-1,-1,-1,-1,-1,0
ucsb2028,-1,-1,-1,0,0,0,-1
tulaneclasso2028,-1,-1,-1,-1,-1,-1,0
appstateclassof2028,-1,-1,-1,-1,-1,-1,0
wvuclassof2028,-1,-1,-1,-1,-1,-1,0
umiami.classof28,-1,-1,-1,-1,-1,-1,0
uga2028_,-1,-1,-1,-1,-1,-1,0
txstate.2028,-1,-1,-1,1,15,73,-16
bingclassof28,-1,-1,-1,0,6,0,-7
uoclassof28,1464,4053,1118,1464,4053,1118,0
uark_classof2028,-1,-1,-1,1,179,542,-180
houston2028class,-1,-1,-1,-1,-1,-1,0
ttu.2028,-1,-1,-1,-1,-1,-1,0
purdueclassof.2028,-1,-1,-1,412,3364,2436,-3365
fordhamclass.2028,-1,-1,-1,-1,-1,-1,0
uf2028_,-1,-1,-1,-1,-1,-1,0
troyuniversityclassof2028,-1,-1,-1,330,1360,35,-1361
utaustinco2028,-1,-1,-1,0,1,0,-2
georgetownu2028,-1,-1,-1,10,136,7,-137
uf2028bios,-1,-1,-1,0,2,0,-3
vandy2028bios,-1,-1,-1,284,2187,470,-2188
binghamtonclassof2028,-1,-1,-1,-1,-1,-1,0
ucsbclassof2028_,-1,-1,-1,1919,4862,51,-4863
vcu_2028,-1,-1,-1,3,46,21,-47
nyuniversityclassof28,-1,-1,-1,0,58,124,-59
northeasternclasso2028,-1,-1,-1,1,47,7,-48
umemphis2028,-1,-1,-1,-1,-1,-1,0
osu2028official,-1,-1,-1,4,766,315,-767
ucla2028bios,-1,-1,-1,0,61,0,-62
tulane__2028,-1,-1,-1,58,1984,4130,-1985
umaine28,-1,-1,-1,0,3,0,-4
umlclassof2028,-1,-1,-1,0,8,1,-9
texas.state2028,-1,-1,-1,-1,-1,-1,0
utk.classof28,-1,-1,-1,-1,-1,-1,0
uminnesota2028official,-1,-1,-1,4,834,69,-835
northeastern_2028_bios,-1,-1,-1,2,218,8,-219
tns.2027,-1,-1,-1,-1,-1,-1,0
txst_2k28,-1,-1,-1,593,1621,3551,-1622
oregonstate.28,-1,-1,-1,-1,-1,-1,0
temple_2028,-1,-1,-1,0,1,0,-2
wisco2028official,3202,6382,1736,3202,6382,1736,0
uofscclasso2028,-1,-1,-1,-1,-1,-1,0
ousooners2028,-1,-1,-1,-1,-1,-1,0
gcuclassof28,-1,-1,-1,0,11,47,-12
uvaroomies2028,-1,-1,-1,38,296,886,-297
utahvalley2028,-1,-1,-1,1,42,69,-43
syracuseclass28,-1,-1,-1,-1,-1,-1,0
pennstate2028class,-1,-1,-1,-1,-1,-1,0
uconn_classof2028,-1,-1,-1,0,5,1,-6
unrclassof2028bios,-1,-1,-1,1,28,2,-29
umichigan.28,-1,-1,-1,0,33,1,-34
uiuc_2028,-1,-1,-1,-1,-1,-1,0
usf_classof2028,-1,-1,-1,1,20,19,-21
vt.roomies,-1,-1,-1,-1,-1,-1,0
umiami_28,-1,-1,-1,0,4,1,-5
gw_2028_bios,-1,-1,-1,2,701,15,-702
columbia_class_of_2028,-1,-1,-1,54,2355,728,-2356
bamaco2028,-1,-1,-1,1,129,167,-130
uofhmanoa2027,-1,-1,-1,628,1379,2261,-1380
ecu_class_of_2028,-1,-1,-1,1,1,7,-2
iowa2028.official,-1,-1,-1,7,138,108,-139
uvmclasso2028,-1,-1,-1,-1,-1,-1,0
uoftampaclass2028,-1,-1,-1,0,4,3,-5
uarkansasclass2028,-1,-1,-1,0,18,1,-19
fsu_class_of_28,-1,-1,-1,1,44,349,-45
syracuse.classof2028,-1,-1,-1,1,27,135,-28
uc_berkeley_co28,-1,-1,-1,3,9,1,-10
universityofmaineclassof2028,-1,-1,-1,-1,-1,-1,0
ou2028bios,-1,-1,-1,1030,2587,795,-2588
olemiss2028class,-1,-1,-1,-1,-1,-1,0
umassboston2028.official,-1,-1,-1,15,134,194,-135
utaustin_co_2028,-1,-1,-1,0,0,0,-1
utaustinbios2028,-1,-1,-1,9,140,86,-141
uoftampa2028,-1,-1,-1,-1,-1,-1,0
lehigh.2028,-1,-1,-1,-1,-1,-1,0
notredame2028_,-1,-1,-1,-1,-1,-1,0
monmouthclassof2028,-1,-1,-1,0,42,19,-43
2028utaustin,-1,-1,-1,0,7,131,-8
ucla_2028,-1,-1,-1,1,30,60,-31
paceclass2028,-1,-1,-1,-1,-1,-1,0
asusundevils.2028,-1,-1,-1,0,6,0,-7
monmouth2028_,-1,-1,-1,3,160,138,-161
lucclassof2028,-1,-1,-1,0,0,0,-1
olemissbios2028,-1,-1,-1,-1,-1,-1,0
ohiouniversityclassof2028,-1,-1,-1,0,15,112,-16
utahstateclassof2028,-1,-1,-1,0,0,0,-1
eku_co28,-1,-1,-1,0,33,34,-34
bgsu2028,-1,-1,-1,14,153,175,-154
iowastate2028,-1,-1,-1,0,58,3,-59
clemsonclassof2028,-1,-1,-1,2,123,409,-124
cwru2027,-1,-1,-1,481,1068,356,-1069
uiowaclassof28,-1,-1,-1,0,12,6,-13
unf.classof2028,-1,-1,-1,-1,-1,-1,0
nyu2028bios,-1,-1,-1,0,48,1,-49
michigan_2028,-1,-1,-1,0,14,3,-15
ucf_classof_2028,-1,-1,-1,-1,-1,-1,0
uofwashington2028official,-1,-1,-1,5,1164,101,-1165
umd2028class,-1,-1,-1,1,17,97,-18
boulder.2028,-1,-1,-1,488,2042,1328,-2043
uarkclassof2028,-1,-1,-1,1,76,240,-77
uofuclassof28,-1,-1,-1,4,252,1458,-253
byu.2k28,-1,-1,-1,1,56,36,-57
clemson2029,-1,-1,-1,0,42,166,-43
texastechclassof2028,-1,-1,-1,0,4,1,-5
gtclass2028,-1,-1,-1,-1,-1,-1,0
american__2028,-1,-1,-1,81,1202,1824,-1203
montanastateclassof28,-1,-1,-1,256,962,828,-963
gonzaga_2028,-1,-1,-1,0,4,0,-5
udel.2028,4,98,132,4,98,132,0
ut.austin2028,-1,-1,-1,0,77,513,-78
gastate28,-1,-1,-1,0,13,0,-14
arkansas.2028,-1,-1,-1,1,146,294,-147
utampa_2028,-1,-1,-1,769,8699,2176,-8700
miamiu_2028,-1,-1,-1,-1,-1,-1,0
uiuc_28,-1,-1,-1,0,5,1,-6
redraidersco2028,-1,-1,-1,11,334,200,-335
mizz.2028,-1,-1,-1,-1,-1,-1,0
auburnuclassof2028,-1,-1,-1,-1,-1,-1,0
tulane28_,-1,-1,-1,-1,-1,-1,0
gasouthern2028,-1,-1,-1,4,27,0,-28
ut_austin_class.of_2028,-1,-1,-1,1,415,373,-416
uarkansas.2028,-1,-1,-1,-1,-1,-1,0
iowastateuniversity28,-1,-1,-1,3,171,130,-172
bc.2028,-1,-1,-1,-1,-1,-1,0
loyolachicagoadmits28,-1,-1,-1,-1,-1,-1,0
nsuclassof_2028,-1,-1,-1,-1,-1,-1,0
uwmadison28.official,0,45,4,0,45,4,0
northeasternu2028,-1,-1,-1,0,100,24,-101
ufco28bios,-1,-1,-1,41,317,1058,-318
ucsdclasso2028_,-1,-1,-1,-1,-1,-1,0
byu_co2028,-1,-1,-1,-1,-1,-1,0
uofiowaclassof.2028,-1,-1,-1,1,80,123,-81
utclassof28,-1,-1,-1,0,15,0,-16
ucf_28,-1,-1,-1,0,19,172,-20
njit2027_official,-1,-1,-1,-1,-1,-1,0
xavieru2028,-1,-1,-1,1,0,3,-1
tamuclassof2028,-1,-1,-1,-1,-1,-1,0
washu_2028_bios,-1,-1,-1,100,785,525,-786
olemissclass2028_,-1,-1,-1,-1,-1,-1,0
csu_2028,-1,-1,-1,-1,-1,-1,0
officialbaylor_2028,-1,-1,-1,-1,-1,-1,0
uofhawaiimanoa2028,0,44,178,0,44,178,0
byuclassof28,-1,-1,-1,12,241,321,-242
tcu.2028,-1,-1,-1,-1,-1,-1,0
syracuse2028,-1,-1,-1,1,5,12,-6
ucabears2028,-1,-1,-1,4,250,99,-251
americanuniversity2028,-1,-1,-1,-1,-1,-1,0
auburn2028class,-1,-1,-1,15,4,76,-5
umiami.classof28,-1,-1,-1,-1,-1,-1,0
iowastateclassof.2028,-1,-1,-1,2064,4557,2589,-4558
osu__classof2028,-1,-1,-1,-1,-1,-1,0
kentstate_2028,-1,-1,-1,-1,-1,-1,0
uoregonclassof2028,-1,-1,-1,1,2,2,-3
wichitastateclassof2028,-1,-1,-1,-1,-1,-1,0
uw_oshkosh2028,-1,-1,-1,241,1715,896,-1716
dukeco28,-1,-1,-1,-1,-1,-1,0
uva2028__,-1,-1,-1,0,111,223,-112
pennstate2028,-1,-1,-1,0,57,84,-58
babydawgs2028official,-1,-1,-1,-1,-1,-1,0
mtsu2028official,-1,-1,-1,-1,-1,-1,0
lsu_classof2028,-1,-1,-1,0,14,0,-15
umiami.2028,-1,-1,-1,-1,-1,-1,0
alabama2028bios,-1,-1,-1,-1,-1,-1,0
neu2028_,-1,-1,-1,0,27,63,-28
columbia_class.of_2028,-1,-1,-1,4,822,358,-823
unccharlotteclassof2028_,-1,-1,-1,1,67,132,-68
uncbios2028,-1,-1,-1,-1,-1,-1,0
bcclassof2028,1,124,576,1,124,576,0
uflorida2028.bios,-1,-1,-1,-1,-1,-1,0
easternmichigan2028,-1,-1,-1,0,0,0,-1
pennstateuniversity2028,0,21,37,0,21,37,0
oregonstateuniversity2028,-1,-1,-1,5,101,58,-102
gonzaga.classof2028,-1,-1,-1,0,71,35,-72
nyu_classof28,-1,-1,-1,-1,-1,-1,0
nyu2028.official,-1,-1,-1,-1,-1,-1,0
duclassof.2028,-1,-1,-1,1,42,153,-43
uark2028bios,-1,-1,-1,-1,-1,-1,0
iowastate.classof2028,-1,-1,-1,0,4,1,-5
ufclassof_28,-1,-1,-1,-1,-1,-1,0
umn2028bios,-1,-1,-1,8,199,59,-200
univtenk28,-1,-1,-1,-1,-1,-1,0
universityofutah2028,-1,-1,-1,-1,-1,-1,0
utexas2028,-1,-1,-1,3,40,60,-41
uncwilmington2028,-1,-1,-1,1,10,11,-11
uwmadison.class.2028,-1,-1,-1,10,2256,1472,-2257
vanderbilt_2028_bios,-1,-1,-1,2,236,9,-237
uofsc28,-1,-1,-1,0,0,25,-1
duke2028class,-1,-1,-1,5,449,138,-450
shsu.2028,-1,-1,-1,0,97,218,-98
txstco2028,-1,-1,-1,0,3,0,-4
washu2028official,-1,-1,-1,322,1966,514,-1967
umass_2028_,-1,-1,-1,0,5,0,-6
templeclassof_2028,-1,-1,-1,7,252,1936,-253
kansasofficial2028,-1,-1,-1,1,62,190,-63
penn_state_2028,-1,-1,-1,0,14,178,-15
uri_admissions2028,-1,-1,-1,5,131,1704,-132
utkbios2028,-1,-1,-1,-1,-1,-1,0
utah2028class,-1,-1,-1,5,967,530,-968
loyolachicago.classof2028,-1,-1,-1,257,844,6,-845
uflorida2028,0,12,0,0,12,0,0
purdue2028official,-1,-1,-1,820,6675,5419,-6676
bostoncollege.classof2028,-1,-1,-1,2,27,42,-28
uarkclassof2028_,-1,-1,-1,240,1168,1330,-1169
ohiouco_2028,-1,-1,-1,-1,-1,-1,0
texasstateco2028,-1,-1,-1,0,69,259,-70
ecu.2028official,-1,-1,-1,28,744,4095,-745
ouclassof28,-1,-1,-1,1,99,16,-100
tulane2028official,-1,-1,-1,-1,-1,-1,0
uga_class_2028,-1,-1,-1,1,37,219,-38
chapman.co28,-1,-1,-1,-1,-1,-1,0
berkeleybios2028,-1,-1,-1,1803,4124,4866,-4125
eastcarolina2028,-1,-1,-1,-1,-1,-1,0
olemiss_classof2028,-1,-1,-1,1,5,11,-6
apsu.class.of.27,-1,-1,-1,100,393,15,-394
vanderbiltclassof28,-1,-1,-1,4,246,88,-247
ufclassof28,-1,-1,-1,-1,-1,-1,0
umiamico2028,-1,-1,-1,-1,-1,-1,0
ecu2028official,-1,-1,-1,1,5,7,-6
usf2028bios,-1,-1,-1,-1,-1,-1,0
syracuseclass2028,-1,-1,-1,3,81,12,-82
smuco28,-1,-1,-1,-1,-1,-1,0
wcuclassof2028,-1,-1,-1,0,61,165,-62
kentucky2028class,-1,-1,-1,5,120,577,-121
unc_greeley_class_of_28,-1,-1,-1,0,128,67,-129
lsu_2028,-1,-1,-1,-1,-1,-1,0
pitt2028official,-1,-1,-1,20,1242,559,-1243
wyoming_2028,-1,-1,-1,-1,-1,-1,0
georgetown_class_of_2028,-1,-1,-1,-1,-1,-1,0
wsu_classof27,-1,-1,-1,2,64,53,-65
udel.2028,4,98,132,4,98,132,0
sooners2k28,-1,-1,-1,1,187,46,-188
universityofutah28,137,942,469,137,942,469,0
fsu_co2028,-1,-1,-1,0,0,1,-1
olemissclassof2028_,-1,-1,-1,1,8,4,-9
uark.class.of.2028,-1,-1,-1,0,0,0,-1
snhu2028,108,334,19,108,334,19,0
ucincy2028,-1,-1,-1,10,158,261,-159
butlerclass_2028,-1,-1,-1,-1,-1,-1,0
uga_classof2028,-1,-1,-1,0,8,0,-9
uiowaclassof2028,-1,-1,-1,0,2,0,-3
wcu_2028_students,-1,-1,-1,495,1170,612,-1171
uark_class_of_2028,-1,-1,-1,2,84,60,-85
kennesaw2028,-1,-1,-1,0,16,94,-17
okstate2028official,-1,-1,-1,-1,-1,-1,0
unh.2028.class,-1,-1,-1,2,138,865,-139
wcuclass2028,-1,-1,-1,-1,-1,-1,0
unc2028official,-1,-1,-1,0,94,0,-95
cuboulder2028bios_,-1,-1,-1,0,12,7,-13
ucfclasso2028,-1,-1,-1,-1,-1,-1,0
floridastate.2028,-1,-1,-1,2248,7394,8,-7395
tulaneclassof.2028,-1,-1,-1,-1,-1,-1,0
nyu_.classof2028,-1,-1,-1,-1,-1,-1,0
umn2028.bios,-1,-1,-1,289,1453,423,-1454
ut_co2028,-1,-1,-1,1,37,415,-38
emory.classof28,-1,-1,-1,0,127,68,-128
ugaclassof.28,-1,-1,-1,-1,-1,-1,0
psu2028.bios,-1,-1,-1,-1,-1,-1,0
idahostate2028,-1,-1,-1,0,7,0,-8
ucla.classof2028,-1,-1,-1,1,9,184,-10
vanderbiltclassof2028,-1,-1,-1,0,3,0,-4
utk.class.of.2028,-1,-1,-1,3,166,947,-167
psu_2028_bios,-1,-1,-1,-1,-1,-1,0
odu2028class,-1,-1,-1,-1,-1,-1,0
clemsonco2028,-1,-1,-1,-1,-1,-1,0
uga_class2028,-1,-1,-1,70,5849,536,-5850
clemsonclass.2028,-1,-1,-1,-1,-1,-1,0
villanova2028official,-1,-1,-1,0,0,0,-1
ucf.classof2028,-1,-1,-1,283,809,1433,-810
ucsb2028official,-1,-1,-1,0,1,2,-2
penn_state2028,-1,-1,-1,0,28,125,-29
gmu2028official,-1,-1,-1,398,2055,1734,-2056
uvaclass_2028,-1,-1,-1,-1,-1,-1,0
umn_28,-1,-1,-1,0,3,2,-4
auburn2028_,-1,-1,-1,-1,-1,-1,0
bostoncollege28,-1,-1,-1,0,2,4,-3
uconnclasso2028,-1,-1,-1,-1,-1,-1,0
fsufreshman28,-1,-1,-1,0,62,167,-63
uofo2028,-1,-1,-1,0,6,0,-7
uiowa2028,-1,-1,-1,-1,-1,-1,0
umd_class.of_2028,-1,-1,-1,0,277,277,-278
lsu2028official,-1,-1,-1,4,1020,427,-1021
psu.28,-1,-1,-1,130,2140,3056,-2141
urochester.classof28,-1,-1,-1,0,90,35,-91
drexel2028official,-1,-1,-1,2,276,282,-277
georgiasouthernclassof2028,-1,-1,-1,-1,-1,-1,0
ucla2028class,-1,-1,-1,0,0,0,-1
ncsu2028bios,-1,-1,-1,-1,-1,-1,0
ncsu.2028,-1,-1,-1,0,9,1,-10
ucsd_classof2028,-1,-1,-1,0,11,91,-12
unt_2028,-1,-1,-1,0,82,51,-83
urochester2028,-1,-1,-1,49,2499,253,-2500
nyu.2028bios,-1,-1,-1,2,25,61,-26
usc2028_,-1,-1,-1,-1,-1,-1,0
wisco28class,-1,-1,-1,997,3821,5965,-3822
bama.classof2028,-1,-1,-1,0,90,76,-91
uscbios2028,-1,-1,-1,-1,-1,-1,0
untnorthtexas.2028,-1,-1,-1,-1,-1,-1,0
wmu2028,-1,-1,-1,-1,-1,-1,0
utaustin2028_bios,-1,-1,-1,-1,-1,-1,0
uiowaclassof_2028,-1,-1,-1,4,18,30,-19
baylorclassof.2028,-1,-1,-1,0,136,493,-137
uofalabama2028_,-1,-1,-1,1,6,1,-7
uf2028class,-1,-1,-1,-1,-1,-1,0
nyu.classof2028,-1,-1,-1,0,5,0,-6
ugabios2028,-1,-1,-1,-1,-1,-1,0
uofa.classof2028,0,9,1,0,9,1,0
murraystate2027,-1,-1,-1,-1,-1,-1,0
ucla2028.class,-1,-1,-1,-1,-1,-1,0
baylorclassof28,-1,-1,-1,37,404,1797,-405
universityofdelaware2028_,-1,-1,-1,13,218,125,-219
ucla_classof2028,-1,-1,-1,-1,-1,-1,0
northwestern2028,-1,-1,-1,0,0,90,-1
villanovau2028,-1,-1,-1,0,10,38,-11
umichclasso2028,-1,-1,-1,-1,-1,-1,0
uscclassof_2028,-1,-1,-1,0,2,1,-3
rutgersclassof2028,-1,-1,-1,0,6,0,-7
uofhawaiimanoa2028,0,44,178,0,44,178,0
csu_class.of.2028,-1,-1,-1,1,25,173,-26
gsu.panthers_classof2028,-1,-1,-1,-1,-1,-1,0
_fordhamclassof2028_,-1,-1,-1,-1,-1,-1,0
gcu2028,-1,-1,-1,3,10,10,-11
lsuclassof28,-1,-1,-1,0,0,0,-1
njit2027,-1,-1,-1,-1,-1,-1,0
montclair2028official,-1,-1,-1,108,1017,704,-1018
uf2028official,-1,-1,-1,3,17,345,-18
sbuclassof2028,-1,-1,-1,11,291,272,-292
jmucommitted2028,-1,-1,-1,0,4,1,-5
official.usc2028,-1,-1,-1,3,115,1,-116
ut_austin_2028,-1,-1,-1,0,0,1,-1
vtech.2028,-1,-1,-1,382,2012,932,-2013
umaineclassof2028,-1,-1,-1,11,58,84,-59
uw.madison28,-1,-1,-1,4,16,157,-17
fiu.classof2028,-1,-1,-1,-1,-1,-1,0
umich.2028bios,-1,-1,-1,-1,-1,-1,0
floridastateclassof2028,-1,-1,-1,1,18,19,-19
auburnclass_2028,-1,-1,-1,-1,-1,-1,0
uscclassof27,-1,-1,-1,0,3,6,-4
uaclassof28,-1,-1,-1,-1,-1,-1,0
utampaclassof2028,-1,-1,-1,0,4,3,-5
notredame2028,-1,-1,-1,-1,-1,-1,0
ungclassof2028,-1,-1,-1,488,1086,286,-1087
classof28.fsu,-1,-1,-1,0,75,89,-76
umd_2028_bios,-1,-1,-1,2,180,22,-181
uncwilmingtonclassof2028,-1,-1,-1,1,30,26,-31
miamiu_2028,-1,-1,-1,-1,-1,-1,0
unh2028,-1,-1,-1,1,36,58,-37
olemissclassof28_,-1,-1,-1,-1,-1,-1,0
umontana2028,-1,-1,-1,-1,-1,-1,0
ualabama.2028,-1,-1,-1,-1,-1,-1,0
kstate.classof2028,-1,-1,-1,184,1063,1420,-1064
uwgreenbay2028,-1,-1,-1,54,1467,1452,-1468
clemson.2028,-1,-1,-1,-1,-1,-1,0
uva.class.of.2028,-1,-1,-1,0,6,5,-7
rutgers.2028,-1,-1,-1,-1,-1,-1,0
uofminnesota2028,-1,-1,-1,1,4,1,-5
pennstate.2028,-1,-1,-1,-1,-1,-1,0
uwmadisonbios2028,-1,-1,-1,6,110,183,-111
tulaneuniversity2028,-1,-1,-1,1,3,0,-4
uva.classof2028,-1,-1,-1,2,54,124,-55
uvm_2028_,-1,-1,-1,-1,-1,-1,0
uvm_2028,0,31,148,0,31,148,0
bingadmits2028,-1,-1,-1,-1,-1,-1,0
umd_classof2028,-1,-1,-1,0,2,0,-3
ung.2028,-1,-1,-1,164,1185,2623,-1186
2028.utaustin,-1,-1,-1,2,350,363,-351
nyuclassof2028_,-1,-1,-1,1,57,166,-58
osubios2028,-1,-1,-1,-1,-1,-1,0
baby.tigers2028,-1,-1,-1,1,51,87,-52
ritclassof2028,-1,-1,-1,1,102,15,-103
uvm_classof2028,-1,-1,-1,1,1096,322,-1097
delawareclassof2028bios,-1,-1,-1,22,640,271,-641
arkansasclassof.2028,-1,-1,-1,1,20,5,-21
uflorida.2028,-1,-1,-1,-1,-1,-1,0
georgetownstudents2028,-1,-1,-1,3,1042,6,-1043
_okstate2028_,-1,-1,-1,1150,2826,0,-2827
wcupa2028,-1,-1,-1,0,29,390,-30
usf_class_of_2028,-1,-1,-1,0,131,152,-132
pitt.classof2028,-1,-1,-1,36,3204,216,-3205
isu.2028,-1,-1,-1,-1,-1,-1,0
uark28,-1,-1,-1,0,0,0,-1
texasamuclassof2028,-1,-1,-1,0,124,72,-125
gwclassof2028,-1,-1,-1,-1,-1,-1,0
kentucky.2028,-1,-1,-1,-1,-1,-1,0
fsuclass2028,-1,-1,-1,-1,-1,-1,0
ualabama_classof_2028,7,165,360,7,165,360,0
utk2028__,-1,-1,-1,-1,-1,-1,0
officialpurdue2028,-1,-1,-1,1,37,179,-38
pennstateuniversity2028,0,21,37,0,21,37,0
universityofdenver28,-1,-1,-1,273,925,42,-926
purdueclass2028,-1,-1,-1,-1,-1,-1,0
vanderbiltclassof2028_,-1,-1,-1,-1,-1,-1,0
liberty2028class,-1,-1,-1,6,80,92,-81
nyu2028official,4,774,113,4,774,113,0
rutgers.classof2028,-1,-1,-1,33,580,420,-581
uhmclassof2028,-1,-1,-1,-1,-1,-1,0
appstate.2027class,-1,-1,-1,-1,-1,-1,0
official.baylor.2028,-1,-1,-1,-1,-1,-1,0
unc.2028,-1,-1,-1,-1,-1,-1,0
ucberkeleybios2028,-1,-1,-1,0,57,434,-58
uw2028bios,-1,-1,-1,530,2979,452,-2980
uwmadisonstudents2028,-1,-1,-1,1,12,4,-13
kentstate2028,-1,-1,-1,-1,-1,-1,0
notredamestudents2028,-1,-1,-1,1,10,4,-11
uga.2028official,-1,-1,-1,4,731,357,-732
uiowa.2028,-1,-1,-1,0,8,4,-9
uoregonclass.2028,-1,-1,-1,-1,-1,-1,0
uofa_classof2028,-1,-1,-1,-1,-1,-1,0
utaustin_classof2028,-1,-1,-1,1,88,123,-89
ncsu_class2028,-1,-1,-1,0,116,953,-117
ufclassof2028,-1,-1,-1,0,21,3,-22
cuboulder2028bios,-1,-1,-1,-1,-1,-1,0
jmu.2028,-1,-1,-1,0,45,19,-46
fau2028_,-1,-1,-1,0,90,196,-91
fiuclassof28,-1,-1,-1,0,5,0,-6
boulderclassof2028,-1,-1,-1,-1,-1,-1,0
uf_2028_bios,-1,-1,-1,2,294,31,-295
nyuclass2028,-1,-1,-1,0,0,0,-1
miami.uco2028,0,16,4,0,16,4,0
apsu.class.of.26,-1,-1,-1,106,401,419,-402
psu.2028,-1,-1,-1,1,17,3,-18
uga2028_,-1,-1,-1,-1,-1,-1,0
uofutah2028bios,-1,-1,-1,1550,4532,3078,-4533
nebraska.2028,-1,-1,-1,8,114,4,-115
uconn2028bios,-1,-1,-1,1,74,700,-75
kennesaw_state_class_2028,-1,-1,-1,-1,-1,-1,0
msu_class2028,-1,-1,-1,0,6,15,-7
uvmclasso2028,-1,-1,-1,-1,-1,-1,0
alabamaclassoff2028bios,-1,-1,-1,-1,-1,-1,0
mnsuclassof2028,-1,-1,-1,1,109,119,-110
wmu2028official,-1,-1,-1,0,6,24,-7
uconn2028class,-1,-1,-1,595,5485,35,-5486
georgetownuniversity2028,-1,-1,-1,4,102,283,-103
uriclass.2028,-1,-1,-1,-1,-1,-1,0
upenn_class2028,-1,-1,-1,-1,-1,-1,0